,Commodity,Year,Month,Price
0,6,1970,1,0.0005
1,6,1971,1,0.0007
2,6,1972,1,0.0008
3,6,1973,1,0.001
4,6,1974,1,0.0011
5,6,1975,1,0.0014
6,6,1976,1,0.0021
7,6,1977,1,0.0051
8,6,1978,1,0.0086
9,6,1979,1,0.0124
10,6,1980,1,0.0129
11,6,1981,1,0.0312
12,6,1982,1,0.0382
13,6,1983,1,0.1127
14,6,1984,1,0.2674
15,6,1985,1,0.0935
16,6,1986,1,0.12
17,6,1987,1,0.277
18,6,1988,1,0.4159
19,6,1989,1,0.433
20,6,1990,1,0.5165
21,6,1991,1,0.9003
22,6,1992,1,0.685
23,6,1993,1,1.0532
24,6,1994,1,1.088
25,6,1995,1,2.012
26,6,1996,1,2.7419
27,6,1997,1,2.847
28,6,1998,1,5.7261
29,6,1999,1,5.9544
30,6,2000,1,5.6241
31,6,2001,1,7.4797
32,6,2002,1,11.7104
33,6,2003,1,11.8546
34,6,2004,1,15.0006
35,6,2005,1,18.147
36,6,2006,1,22.962
37,6,2007,1,25.42
38,6,2008,1,28.55
39,6,2009,1,34.07
40,6,2010,1,42.53
41,6,2011,1,54
42,6,2012,1,61.74
43,6,2013,1,91.74
44,6,2014,1,107.93
45,6,2015,1,131.18
46,6,2016,1,145.01
47,6,2017,1,197.58
48,6,1970,2,0.0006
49,6,1971,2,0.0007
50,6,1972,2,0.0008
51,6,1973,2,0.0009
52,6,1974,2,0.0011
53,6,1975,2,0.0014
54,6,1976,2,0.0021
55,6,1977,2,0.0057
56,6,1978,2,0.0088
57,6,1979,2,0.0112
58,6,1980,2,0.0157
59,6,1981,2,0.0322
60,6,1982,2,0.0395
61,6,1983,2,0.1335
62,6,1984,2,0.2215
63,6,1985,2,0.0627
64,6,1986,2,0.1869
65,6,1987,2,0.2161
66,6,1988,2,0.3851
67,6,1989,2,0.4387
68,6,1990,2,0.4912
69,6,1991,2,0.7772
70,6,1992,2,0.6573
71,6,1993,2,0.9648
72,6,1994,2,1.1427
73,6,1995,2,2.0379
74,6,1996,2,2.5024
75,6,1997,2,3.0346
76,6,1998,2,5.121
77,6,1999,2,5.7424
78,6,2000,2,5.7767
79,6,2001,2,8.1111
80,6,2002,2,12.3583
81,6,2003,2,11.554
82,6,2004,2,14.2998
83,6,2005,2,17.145
84,6,2006,2,21.869
85,6,2007,2,25.09
86,6,2008,2,27.75
87,6,2009,2,34.16
88,6,2010,2,41.67
89,6,2011,2,53.72
90,6,2012,2,64.76
91,6,2013,2,104.52
92,6,2014,2,102.39
93,6,2015,2,140.41
94,6,2016,2,166.03
95,6,2017,2,194.07
96,6,1970,3,0.0005
97,6,1971,3,0.0007
98,6,1972,3,0.0008
99,6,1973,3,0.001
100,6,1974,3,0.0012
101,6,1975,3,0.0015
102,6,1976,3,0.0018
103,6,1977,3,0.0055
104,6,1978,3,0.0084
105,6,1979,3,0.0114
106,6,1980,3,0.0155
107,6,1981,3,0.027
108,6,1982,3,0.0373
109,6,1983,3,0.1062
110,6,1984,3,0.2196
111,6,1985,3,0.0876
112,6,1986,3,0.1301
113,6,1987,3,0.3004
114,6,1988,3,0.3922
115,6,1989,3,0.4525
116,6,1990,3,0.519
117,6,1991,3,0.7326
118,6,1992,3,0.6824
119,6,1993,3,0.9352
120,6,1994,3,1.1504
121,6,1995,3,2.1968
122,6,1996,3,2.5134
123,6,1997,3,3.1516
124,6,1998,3,5.3142
125,6,1999,3,5.0946
126,6,2000,3,6.0588
127,6,2001,3,8.3137
128,6,2002,3,11.734
129,6,2003,3,12.3977
130,6,2004,3,14.3545
131,6,2005,3,17.833
132,6,2006,3,21.679
133,6,2007,3,20.66
134,6,2008,3,26.96
135,6,2009,3,33.68
136,6,2010,3,41.12
137,6,2011,3,51
138,6,2012,3,61.87
139,6,2013,3,103.1
140,6,2014,3,107.77
141,6,2015,3,114.17
142,6,2016,3,164.33
143,6,2017,3,197.92
144,6,1970,4,0.0005
145,6,1971,4,0.0007
146,6,1972,4,0.0009
147,6,1973,4,0.0011
148,6,1974,4,0.0013
149,6,1975,4,0.0016
150,6,1976,4,0.0024
151,6,1977,4,0.005
152,6,1978,4,0.0075
153,6,1979,4,0.0131
154,6,1980,4,0.0144
155,6,1981,4,0.0299
156,6,1982,4,0.0421
157,6,1983,4,0.2757
158,6,1984,4,0.211
159,6,1985,4,0.076
160,6,1986,4,0.1905
161,6,1987,4,0.331
162,6,1988,4,0.4736
163,6,1989,4,0.4879
164,6,1990,4,0.508
165,6,1991,4,0.7351
166,6,1992,4,0.7722
167,6,1993,4,1.1055
168,6,1994,4,1.2903
169,6,1995,4,2.507
170,6,1996,4,2.2706
171,6,1997,4,3.2751
172,6,1998,4,6.6462
173,6,1999,4,5.4132
174,6,2000,4,6.4141
175,6,2001,4,9.0597
176,6,2002,4,12.8061
177,6,2003,4,12.4118
178,6,2004,4,15.2298
179,6,2005,4,20.18
180,6,2006,4,21.116
181,6,2007,4,24.48
182,6,2008,4,28.27
183,6,2009,4,34.78
184,6,2010,4,47.76
185,6,2011,4,52.45
186,6,2012,4,57.3
187,6,2013,4,102.85
188,6,2014,4,114.49
189,6,2015,4,137.9
190,6,2016,4,215.65
191,6,2017,4,202.72
192,6,1970,5,0.0006
193,6,1971,5,0.0009
194,6,1972,5,0.0009
195,6,1973,5,0.0012
196,6,1974,5,0.0013
197,6,1975,5,0.0017
198,6,1976,5,0.0024
199,6,1977,5,0.0063
200,6,1978,5,0.0114
201,6,1979,5,0.0131
202,6,1980,5,0.0135
203,6,1981,5,0.027
204,6,1982,5,0.0552
205,6,1983,5,0.4637
206,6,1984,5,0.2796
207,6,1985,5,0.1239
208,6,1986,5,0.1982
209,6,1987,5,0.4366
210,6,1988,5,0.4899
211,6,1989,5,0.5232
212,6,1990,5,0.6424
213,6,1991,5,0.7374
214,6,1992,5,0.7865
215,6,1993,5,1.1734
216,6,1994,5,1.3833
217,6,1995,5,2.7826
218,6,1996,5,2.3236
219,6,1997,5,3.7402
220,6,1998,5,6.8235
221,6,1999,5,6.0416
222,6,2000,5,6.8286
223,6,2001,5,9.2581
224,6,2002,5,12.5872
225,6,2003,5,11.7651
226,6,2004,5,16.689
227,6,2005,5,20.797
228,6,2006,5,32.43
229,6,2007,5,26.25
230,6,2008,5,31.95
231,6,2009,5,35.78
232,6,2010,5,46.52
233,6,2011,5,57.79
234,6,2012,5,73.97
235,6,2013,5,105.1
236,6,2014,5,113.8
237,6,2015,5,140.4
238,6,2016,5,248.78
239,6,2017,5,239.59
240,6,1970,6,0.0006
241,6,1971,6,0.0009
242,6,1972,6,0.0011
243,6,1973,6,0.0013
244,6,1974,6,0.0015
245,6,1975,6,0.0017
246,6,1976,6,0.0036
247,6,1977,6,0.0108
248,6,1978,6,0.0128
249,6,1979,6,0.0142
250,6,1980,6,0.0226
251,6,1981,6,0.0431
252,6,1982,6,0.0645
253,6,1983,6,0.4227
254,6,1984,6,0.3055
255,6,1985,6,0.1217
256,6,1986,6,0.1953
257,6,1987,6,0.5477
258,6,1988,6,0.5717
259,6,1989,6,0.6026
260,6,1990,6,0.8057
261,6,1991,6,0.7632
262,6,1992,6,0.8717
263,6,1993,6,1.2849
264,6,1994,6,1.4979
265,6,1995,6,3.2697
266,6,1996,6,2.5538
267,6,1997,6,4.1771
268,6,1998,6,5.692
269,6,1999,6,4.4121
270,6,2000,6,8.1447
271,6,2001,6,10.8149
272,6,2002,6,13.9286
273,6,2003,6,13.4617
274,6,2004,6,16.9767
275,6,2005,6,22.193
276,6,2006,6,23.43
277,6,2007,6,30.53
278,6,2008,6,31.94
279,6,2009,6,40.81
280,6,2010,6,48.61
281,6,2011,6,61.95
282,6,2012,6,80.8
283,6,2013,6,118.64
284,6,2014,6,122.25
285,6,2015,6,140.12
286,6,2016,6,229.63
287,6,2017,6,219.08
288,6,1970,7,0.0007
289,6,1971,7,0.001
290,6,1972,7,0.001
291,6,1973,7,0.0016
292,6,1974,7,0.0017
293,6,1975,7,0.0022
294,6,1976,7,0.0037
295,6,1977,7,0.0125
296,6,1978,7,0.0129
297,6,1979,7,0.0148
298,6,1980,7,0.0242
299,6,1981,7,0.0539
300,6,1982,7,0.0724
301,6,1983,7,0.4333
302,6,1984,7,0.259
303,6,1985,7,0.1186
304,6,1986,7,0.2992
305,6,1987,7,0.5451
306,6,1988,7,0.6339
307,6,1989,7,0.5942
308,6,1990,7,0.9597
309,6,1991,7,0.7753
310,6,1992,7,0.972
311,6,1993,7,1.4359
312,6,1994,7,1.657
313,6,1995,7,3.2629
314,6,1996,7,2.4604
315,6,1997,7,4.4882
316,6,1998,7,5.612
317,6,1999,7,5.2857
318,6,2000,7,8.2456
319,6,2001,7,10.376
320,6,2002,7,14.9529
321,6,2003,7,12.8466
322,6,2004,7,19.7575
323,6,2005,7,22.659
324,6,2006,7,23.426
325,6,2007,7,31.41
326,6,2008,7,33.31
327,6,2009,7,38.86
328,6,2010,7,50.38
329,6,2011,7,60.92
330,6,2012,7,84.3
331,6,2013,7,118.4
332,6,2014,7,122.81
333,6,2015,7,146.57
334,6,2016,7,244.35
335,6,2017,7,196.04
336,6,1970,8,0.0008
337,6,1971,8,0.001
338,6,1972,8,0.001
339,6,1973,8,0.0017
340,6,1974,8,0.0016
341,6,1975,8,0.0018
342,6,1976,8,0.0039
343,6,1977,8,0.0135
344,6,1978,8,0.0109
345,6,1979,8,0.0117
346,6,1980,8,0.0196
347,6,1981,8,0.0535
348,6,1982,8,0.0581
349,6,1983,8,0.5427
350,6,1984,8,0.2233
351,6,1985,8,0.1014
352,6,1986,8,0.2266
353,6,1987,8,0.5856
354,6,1988,8,0.4704
355,6,1989,8,0.6135
356,6,1990,8,0.9882
357,6,1991,8,0.7823
358,6,1992,8,1.0438
359,6,1993,8,1.4267
360,6,1994,8,1.8508
361,6,1995,8,2.8804
362,6,1996,8,2.4814
363,6,1997,8,4.7147
364,6,1998,8,6.308
365,6,1999,8,5.3045
366,6,2000,8,7.5485
367,6,2001,8,12.5
368,6,2002,8,13.8132
369,6,2003,8,13.8262
370,6,2004,8,20.688
371,6,2005,8,23.097
372,6,2006,8,24.46
373,6,2007,8,29.53
374,6,2008,8,32.35
375,6,2009,8,35.85
376,6,2010,8,49.35
377,6,2011,8,58.39
378,6,2012,8,83.42
379,6,2013,8,124.43
380,6,2014,8,125.35
381,6,2015,8,148.3
382,6,2016,8,215.61
383,6,2017,8,208.95
384,6,1970,9,0.0007
385,6,1971,9,0.0009
386,6,1972,9,0.001
387,6,1973,9,0.0015
388,6,1974,9,0.0015
389,6,1975,9,0.0015
390,6,1976,9,0.0038
391,6,1977,9,0.011
392,6,1978,9,0.0079
393,6,1979,9,0.0074
394,6,1980,9,0.0144
395,6,1981,9,0.046
396,6,1982,9,0.0575
397,6,1983,9,0.2625
398,6,1984,9,0.142
399,6,1985,9,0.1154
400,6,1986,9,0.2344
401,6,1987,9,0.5105
402,6,1988,9,0.4895
403,6,1989,9,0.60222
404,6,1990,9,1.0536
405,6,1991,9,0.7723
406,6,1992,9,1.3686
407,6,1993,9,1.4338
408,6,1994,9,1.7053
409,6,1995,9,3.0428
410,6,1996,9,2.393
411,6,1997,9,5.284
412,6,1998,9,6.44
413,6,1999,9,5.5437
414,6,2000,9,7.7574
415,6,2001,9,10.95
416,6,2002,9,13.2775
417,6,2003,9,13.4692
418,6,2004,9,18.0179
419,6,2005,9,23.08
420,6,2006,9,21.9853
421,6,2007,9,38.59
422,6,2008,9,34.53
423,6,2009,9,39.98
424,6,2010,9,46.99
425,6,2011,9,57.6
426,6,2012,9,82.44
427,6,2013,9,108.54
428,6,2014,9,121.2
429,6,2015,9,131.2
430,6,2016,9,209.91
431,6,2017,9,193.72
432,6,1970,10,0.0007
433,6,1971,10,0.0008
434,6,1972,10,0.0009
435,6,1973,10,0.0011
436,6,1974,10,0.0014
437,6,1975,10,0.0018
438,6,1976,10,0.0042
439,6,1977,10,0.0074
440,6,1978,10,0.0113
441,6,1979,10,0.0111
442,6,1980,10,0.0278
443,6,1981,10,0.0487
444,6,1982,10,0.074
445,6,1983,10,0.29
446,6,1984,10,0.1387
447,6,1985,10,0.1009
448,6,1986,10,0.224
449,6,1987,10,0.5144
450,6,1988,10,0.4906
451,6,1989,10,0.5905
452,6,1990,10,1.032
453,6,1991,10,0.83
454,6,1992,10,0.9857
455,6,1993,10,1.2397
456,6,1994,10,1.6324
457,6,1995,10,2.8506
458,6,1996,10,2.5576
459,6,1997,10,5.6865
460,6,1998,10,6.68
461,6,1999,10,5.6049
462,6,2000,10,7.3187
463,6,2001,10,10.0125
464,6,2002,10,12.9024
465,6,2003,10,13.4518
466,6,2004,10,16.6
467,6,2005,10,21.456
468,6,2006,10,22.78
469,6,2007,10,29.99
470,6,2008,10,39.14
471,6,2009,10,40.3
472,6,2010,10,48.51
473,6,2011,10,52.33
474,6,2012,10,84.4
475,6,2013,10,106.7
476,6,2014,10,124.86
477,6,2015,10,125.27
478,6,2016,10,210.83
479,6,2017,10,210.27
480,6,1970,11,0.0007
481,6,1971,11,0.0008
482,6,1972,11,0.0009
483,6,1973,11,0.0011
484,6,1974,11,0.0015
485,6,1975,11,0.0019
486,6,1976,11,0.0044
487,6,1977,11,0.0086
488,6,1978,11,0.01
489,6,1979,11,0.017
490,6,1980,11,0.0267
491,6,1981,11,0.0405
492,6,1982,11,0.0849
493,6,1983,11,0.185
494,6,1984,11,0.0803
495,6,1985,11,0.1537
496,6,1986,11,0.244
497,6,1987,11,0.5792
498,6,1988,11,0.3893
499,6,1989,11,0.5407
500,6,1990,11,1.1794
501,6,1991,11,0.7163
502,6,1992,11,1.0544
503,6,1993,11,1.2688
504,6,1994,11,2.4411
505,6,1995,11,2.6799
506,6,1996,11,2.8125
507,6,1997,11,4.7871
508,6,1998,11,6.375
509,6,1999,11,5.9009
510,6,2000,11,7.3794
511,6,2001,11,10.1167
512,6,2002,11,12.3761
513,6,2003,11,13.8904
514,6,2004,11,16.8
515,6,2005,11,19.426
516,6,2006,11,23.1985
517,6,2007,11,28.79
518,6,2008,11,36.43
519,6,2009,11,40.55
520,6,2010,11,48.41
521,6,2011,11,54.6
522,6,2012,11,86.7
523,6,2013,11,89.44
524,6,2014,11,146.93
525,6,2015,11,156.74
526,6,2016,11,194.02
527,6,2017,11,197.45
528,6,1970,12,0.0007
529,6,1971,12,0.0008
530,6,1972,12,0.0009
531,6,1973,12,0.0013
532,6,1974,12,0.0017
533,6,1975,12,0.0019
534,6,1976,12,0.0045
535,6,1977,12,0.0098
536,6,1978,12,0.0112
537,6,1979,12,0.0133
538,6,1980,12,0.0248
539,6,1981,12,0.051
540,6,1982,12,0.0547
541,6,1983,12,0.14
542,6,1984,12,0.0973
543,6,1985,12,0.0933
544,6,1986,12,0.2719
545,6,1987,12,0.4314
546,6,1988,12,0.4104
547,6,1989,12,0.5136
548,6,1990,12,0.8846
549,6,1991,12,0.6936
550,6,1992,12,1.0603
551,6,1993,12,1.1483
552,6,1994,12,2.3815
553,6,1995,12,2.4923
554,6,1996,12,2.7505
555,6,1997,12,5.5798
556,6,1998,12,6.3888
557,6,1999,12,6.323
558,6,2000,12,7.1814
559,6,2001,12,11.0063
560,6,2002,12,12.343
561,6,2003,12,13.4343
562,6,2004,12,17.9
563,6,2005,12,23.2518
564,6,2006,12,23.6766
565,6,2007,12,29.54
566,6,2008,12,37.04
567,6,2009,12,40.12
568,6,2010,12,57.57
569,6,2011,12,55.72
570,6,2012,12,87.5
571,6,2013,12,114.24
572,6,2014,12,125.05
573,6,2015,12,148.98
574,6,2016,12,182.85
575,6,2017,12,195.17
576,3,1970,1,0.0022
577,3,1971,1,0.0023
578,3,1972,1,0.0029
579,3,1973,1,0.0038
580,3,1974,1,0.0042
581,3,1975,1,0.0051
582,3,1976,1,0.0096
583,3,1977,1,0.0158
584,3,1978,1,0.0295
585,3,1979,1,0.025
586,3,1980,1,0.0335
587,3,1981,1,0.0769
588,3,1982,1,0.09
589,3,1983,1,0.43
590,3,1984,1,0.825
591,3,1985,1,0.535
592,3,1986,1,0.55
593,3,1987,1,0.9075
594,3,1988,1,1.645
595,3,1989,1,1.657
596,3,1990,1,1.98
597,3,1991,1,1.8
598,3,1992,1,1.956
599,3,1993,1,2.5
600,3,1994,1,2.75
601,3,1995,1,4.75
602,3,1996,1,6.79
603,3,1997,1,9.42
604,3,1998,1,9.75
605,3,1999,1,11.345
606,3,2000,1,11.95
607,3,2001,1,24.625
608,3,2002,1,25.52
609,3,2003,1,30.9704
610,3,2004,1,36.032
611,3,2005,1,45.891
612,3,2006,1,51.468
613,3,2007,1,54.34
614,3,2008,1,62
615,3,2009,1,102.16
616,3,2010,1,102.63
617,3,2011,1,105.66
618,3,2012,1,130.67
619,3,2013,1,157.2
620,3,2014,1,166.59
621,3,2015,1,274.64
622,3,2016,1,411.9
623,3,2017,1,386.39
624,3,1970,2,0.0022
625,3,1971,2,0.0024
626,3,1972,2,0.0029
627,3,1973,2,0.0039
628,3,1974,2,0.0043
629,3,1975,2,0.0052
630,3,1976,2,0.0097
631,3,1977,2,0.0157
632,3,1978,2,0.0296
633,3,1979,2,0.0252
634,3,1980,2,0.0337
635,3,1981,2,0.078
636,3,1982,2,0.0914
637,3,1983,2,0.4308
638,3,1984,2,0.8189
639,3,1985,2,0.5368
640,3,1986,2,0.5819
641,3,1987,2,0.9173
642,3,1988,2,1.6591
643,3,1989,2,1.6591
644,3,1990,2,1.92
645,3,1991,2,1.8285
646,3,1992,2,1.9591
647,3,1993,2,2.5101
648,3,1994,2,2.8117
649,3,1995,2,4.85
650,3,1996,2,6.8346
651,3,1997,2,9.3977
652,3,1998,2,9.84
653,3,1999,2,11.3954
654,3,2000,2,12.0294
655,3,2001,2,27.0693
656,3,2002,2,25.6
657,3,2003,2,31.5824
658,3,2004,2,35.7571
659,3,2005,2,48.1576
660,3,2006,2,53.97
661,3,2007,2,54.61
662,3,2008,2,66.58
663,3,2009,2,95.13
664,3,2010,2,100.54
665,3,2011,2,105.89
666,3,2012,2,133.29
667,3,2013,2,161.82
668,3,2014,2,170.67
669,3,2015,2,259.37
670,3,2016,2,405.06
671,3,2017,2,391.27
672,3,1970,3,0.0024
673,3,1971,3,0.0024
674,3,1972,3,0.0029
675,3,1973,3,0.0038
676,3,1974,3,0.0043
677,3,1975,3,0.0049
678,3,1976,3,0.0099
679,3,1977,3,0.0176
680,3,1978,3,0.0219
681,3,1979,3,0.0282
682,3,1980,3,0.0415
683,3,1981,3,0.0854
684,3,1982,3,0.1092
685,3,1983,3,0.3317
686,3,1984,3,0.7417
687,3,1985,3,0.5291
688,3,1986,3,0.5645
689,3,1987,3,0.9544
690,3,1988,3,1.9583
691,3,1989,3,1.9583
692,3,1990,3,1.921
693,3,1991,3,1.9848
694,3,1992,3,2.0081
695,3,1993,3,2.5542
696,3,1994,3,2.9016
697,3,1995,3,5.1132
698,3,1996,3,6.8471
699,3,1997,3,9.8009
700,3,1998,3,13.2851
701,3,1999,3,10.8809
702,3,2000,3,12.1851
703,3,2001,3,28.9712
704,3,2002,3,27.11
705,3,2003,3,28.8786
706,3,2004,3,38.6303
707,3,2005,3,51.5385
708,3,2006,3,51.9
709,3,2007,3,54.06
710,3,2008,3,65.14
711,3,2009,3,101.19
712,3,2010,3,108.23
713,3,2011,3,108.32
714,3,2012,3,130.26
715,3,2013,3,165
716,3,2014,3,193.03
717,3,2015,3,249.27
718,3,2016,3,409.64
719,3,2017,3,394.15
720,3,1970,4,0.0025
721,3,1971,4,0.0025
722,3,1972,4,0.003
723,3,1973,4,0.004
724,3,1974,4,0.0048
725,3,1975,4,0.005
726,3,1976,4,0.0109
727,3,1977,4,0.0188
728,3,1978,4,0.0224
729,3,1979,4,0.0274
730,3,1980,4,0.0557
731,3,1981,4,0.1277
732,3,1982,4,0.0131
733,3,1983,4,0.5812
734,3,1984,4,0.7011
735,3,1985,4,0.5105
736,3,1986,4,0.5919
737,3,1987,4,1.0485
738,3,1988,4,2.2441
739,3,1989,4,2.2441
740,3,1990,4,1.925
741,3,1991,4,1.8078
742,3,1992,4,2.073
743,3,1993,4,2.6243
744,3,1994,4,3.0727
745,3,1995,4,5.1627
746,3,1996,4,7.095
747,3,1997,4,9.7569
748,3,1998,4,12.925
749,3,1999,4,11.316
750,3,2000,4,13.5264
751,3,2001,4,29.0739
752,3,2002,4,27.66
753,3,2003,4,29.5967
754,3,2004,4,39.0075
755,3,2005,4,49.77
756,3,2006,4,56.779
757,3,2007,4,54.59
758,3,2008,4,74.23
759,3,2009,4,102.23
760,3,2010,4,110.58
761,3,2011,4,112.12
762,3,2012,4,143.69
763,3,2013,4,160.43
764,3,2014,4,196.48
765,3,2015,4,275.08
766,3,2016,4,409.64
767,3,2017,4,394.64
768,3,1970,5,0.0025
769,3,1971,5,0.0025
770,3,1972,5,0.0036
771,3,1973,5,0.0043
772,3,1974,5,0.0045
773,3,1975,5,0.0051
774,3,1976,5,0.0114
775,3,1977,5,0.0181
776,3,1978,5,0.0242
777,3,1979,5,0.0307
778,3,1980,5,0.0531
779,3,1981,5,0.11
780,3,1982,5,0.1824
781,3,1983,5,0.7617
782,3,1984,5,0.8181
783,3,1985,5,0.4486
784,3,1986,5,0.576
785,3,1987,5,1.1953
786,3,1988,5,2.5795
787,3,1989,5,2.5795
788,3,1990,5,1.8663
789,3,1991,5,2.013
790,3,1992,5,2.1483
791,3,1993,5,2.6911
792,3,1994,5,3.1848
793,3,1995,5,5.3736
794,3,1996,5,7.2555
795,3,1997,5,10.0179
796,3,1998,5,12.2716
797,3,1999,5,11.5756
798,3,2000,5,14.3808
799,3,2001,5,28.9863
800,3,2002,5,28.9303
801,3,2003,5,30.06
802,3,2004,5,42.2576
803,3,2005,5,54.021
804,3,2006,5,57.766
805,3,2007,5,60.37
806,3,2008,5,85.72
807,3,2009,5,102.55
808,3,2010,5,111.89
809,3,2011,5,109.38
810,3,2012,5,144.17
811,3,2013,5,163.22
812,3,2014,5,204.73
813,3,2015,5,272.59
814,3,2016,5,408.4
815,3,2017,5,381.64
816,3,1970,6,0.0027
817,3,1971,6,0.0025
818,3,1972,6,0.0034
819,3,1973,6,0.0045
820,3,1974,6,0.0045
821,3,1975,6,0.0051
822,3,1976,6,0.0126
823,3,1977,6,0.0228
824,3,1978,6,0.023
825,3,1979,6,0.0396
826,3,1980,6,0.0662
827,3,1981,6,0.1171
828,3,1982,6,0.1662
829,3,1983,6,0.7194
830,3,1984,6,0.8363
831,3,1985,6,0.5157
832,3,1986,6,0.6354
833,3,1987,6,1.2219
834,3,1988,6,2.7012
835,3,1989,6,2.7012
836,3,1990,6,1.8337
837,3,1991,6,1.9706
838,3,1992,6,2.1539
839,3,1993,6,2.9381
840,3,1994,6,3.3889
841,3,1995,6,5.8822
842,3,1996,6,7.9879
843,3,1997,6,10.4764
844,3,1998,6,11.413
845,3,1999,6,11.6696
846,3,2000,6,14.5873
847,3,2001,6,28.7002
848,3,2002,6,28.1864
849,3,2003,6,33.6304
850,3,2004,6,44.4496
851,3,2005,6,54.468
852,3,2006,6,56.5
853,3,2007,6,59.73
854,3,2008,6,89
855,3,2009,6,106.36
856,3,2010,6,113.48
857,3,2011,6,121.51
858,3,2012,6,143.95
859,3,2013,6,164.8
860,3,2014,6,199.3
861,3,2015,6,277.61
862,3,2016,6,426.94
863,3,2017,6,407.08
864,3,1970,7,0.0026
865,3,1971,7,0.0025
866,3,1972,7,0.0036
867,3,1973,7,0.0042
868,3,1974,7,0.0047
869,3,1975,7,0.0062
870,3,1976,7,0.014
871,3,1977,7,0.0252
872,3,1978,7,0.0247
873,3,1979,7,0.0215
874,3,1980,7,0.0703
875,3,1981,7,0.0138
876,3,1982,7,0.3097
877,3,1983,7,0.8333
878,3,1984,7,0.8018
879,3,1985,7,0.5854
880,3,1986,7,0.6748
881,3,1987,7,1.3193
882,3,1988,7,2.2614
883,3,1989,7,2.2614
884,3,1990,7,2.05
885,3,1991,7,2.0151
886,3,1992,7,2.1253
887,3,1993,7,2.9152
888,3,1994,7,3.6906
889,3,1995,7,6.0809
890,3,1996,7,8.1053
891,3,1997,7,10.7655
892,3,1998,7,10.44
893,3,1999,7,11.5643
894,3,2000,7,15.7087
895,3,2001,7,29.1805
896,3,2002,7,28.2035
897,3,2003,7,34.8512
898,3,2004,7,45.1228
899,3,2005,7,54.736
900,3,2006,7,57.4886
901,3,2007,7,58.08
902,3,2008,7,100.67
903,3,2009,7,106.17
904,3,2010,7,106.02
905,3,2011,7,123.59
906,3,2012,7,152
907,3,2013,7,179.4
908,3,2014,7,215.2
909,3,2015,7,278.44
910,3,2016,7,394.26
911,3,2017,7,391.39
912,3,1970,8,0.0027
913,3,1971,8,0.0025
914,3,1972,8,0.0035
915,3,1973,8,0.0046
916,3,1974,8,0.0047
917,3,1975,8,0.0067
918,3,1976,8,0.0144
919,3,1977,8,0.02
920,3,1978,8,0.021
921,3,1979,8,0.0245
922,3,1980,8,0.0889
923,3,1981,8,0.2197
924,3,1982,8,0.3367
925,3,1983,8,0.8075
926,3,1984,8,0.664
927,3,1985,8,0.5844
928,3,1986,8,0.1094
929,3,1987,8,1.1071
930,3,1988,8,1.8882
931,3,1989,8,1.8882
932,3,1990,8,1.8944
933,3,1991,8,2.003
934,3,1992,8,2.1088
935,3,1993,8,2.9663
936,3,1994,8,3.7378
937,3,1995,8,5.8581
938,3,1996,8,8.8156
939,3,1997,8,10.55
940,3,1998,8,10.343
941,3,1999,8,11.8218
942,3,2000,8,16.1547
943,3,2001,8,26
944,3,2002,8,27.1822
945,3,2003,8,32.2132
946,3,2004,8,46.6572
947,3,2005,8,56.328
948,3,2006,8,55.05
949,3,2007,8,60.17
950,3,2008,8,101.56
951,3,2009,8,103.86
952,3,2010,8,107.54
953,3,2011,8,127.34
954,3,2012,8,154
955,3,2013,8,176.84
956,3,2014,8,236.9
957,3,2015,8,255.18
958,3,2016,8,421.08
959,3,2017,8,390.84
960,3,1970,9,0.0024
961,3,1971,9,0.0027
962,3,1972,9,0.0038
963,3,1973,9,0.0044
964,3,1974,9,0.0045
965,3,1975,9,0.0072
966,3,1976,9,0.0174
967,3,1977,9,0.0167
968,3,1978,9,0.0308
969,3,1979,9,0.0273
970,3,1980,9,0.0933
971,3,1981,9,0.1559
972,3,1982,9,0.2584
973,3,1983,9,0.7683
974,3,1984,9,0.5756
975,3,1985,9,0.5552
976,3,1986,9,0.8155
977,3,1987,9,1.0751
978,3,1988,9,1.6837
979,3,1989,9,1.6837
980,3,1990,9,1.8379
981,3,1991,9,1.9383
982,3,1992,9,2.2727
983,3,1993,9,2.8468
984,3,1994,9,3.8453
985,3,1995,9,5.6986
986,3,1996,9,9.2497
987,3,1997,9,11.2004
988,3,1998,9,10
989,3,1999,9,11.7668
990,3,2000,9,20.5526
991,3,2001,9,26.5567
992,3,2002,9,26.7176
993,3,2003,9,33.5101
994,3,2004,9,47.8167
995,3,2005,9,52.605
996,3,2006,9,55.0875
997,3,2007,9,60.84
998,3,2008,9,100.04
999,3,2009,9,105.88
1000,3,2010,9,104.66
1001,3,2011,9,125.74
1002,3,2012,9,155.5
1003,3,2013,9,155.74
1004,3,2014,9,245.33
1005,3,2015,9,282.88
1006,3,2016,9,416.52
1007,3,2017,9,398.84
1008,3,1970,10,0.0025
1009,3,1971,10,0.0027
1010,3,1972,10,0.0043
1011,3,1973,10,0.0042
1012,3,1974,10,0.0046
1013,3,1975,10,0.0075
1014,3,1976,10,0.0164
1015,3,1977,10,0.0152
1016,3,1978,10,0.0254
1017,3,1979,10,0.0289
1018,3,1980,10,0.0685
1019,3,1981,10,0.1714
1020,3,1982,10,0.2857
1021,3,1983,10,0.6244
1022,3,1984,10,0.4382
1023,3,1985,10,0.5461
1024,3,1986,10,0.8153
1025,3,1987,10,1.0949
1026,3,1988,10,1.3406
1027,3,1989,10,1.3406
1028,3,1990,10,1.5352
1029,3,1991,10,1.9253
1030,3,1992,10,2.2694
1031,3,1993,10,2.916
1032,3,1994,10,3.9277
1033,3,1995,10,5.9281
1034,3,1996,10,9.5148
1035,3,1997,10,11.5364
1036,3,1998,10,10.2
1037,3,1999,10,12.0433
1038,3,2000,10,18.75
1039,3,2001,10,12.458
1040,3,2002,10,29.0583
1041,3,2003,10,33.7904
1042,3,2004,10,46.7
1043,3,2005,10,52.314
1044,3,2006,10,52.2
1045,3,2007,10,58.02
1046,3,2008,10,101.64
1047,3,2009,10,110.8
1048,3,2010,10,103.48
1049,3,2011,10,130
1050,3,2012,10,154.8
1051,3,2013,10,159.8
1052,3,2014,10,260
1053,3,2015,10,272.65
1054,3,2016,10,456.64
1055,3,2017,10,440.88
1056,3,1970,11,0.0024
1057,3,1971,11,0.0028
1058,3,1972,11,0.0038
1059,3,1973,11,0.004
1060,3,1974,11,0.0047
1061,3,1975,11,0.0086
1062,3,1976,11,0.0164
1063,3,1977,11,0.0144
1064,3,1978,11,0.0293
1065,3,1979,11,0.0275
1066,3,1980,11,0.0514
1067,3,1981,11,0.1473
1068,3,1982,11,0.2401
1069,3,1983,11,0.6717
1070,3,1984,11,0.4591
1071,3,1985,11,0.5085
1072,3,1986,11,0.7734
1073,3,1987,11,0.9968
1074,3,1988,11,1.5677
1075,3,1989,11,1.9677
1076,3,1990,11,1.8695
1077,3,1991,11,1.8969
1078,3,1992,11,2.2502
1079,3,1993,11,2.7603
1080,3,1994,11,4.2261
1081,3,1995,11,5.9294
1082,3,1996,11,9.4039
1083,3,1997,11,11.5364
1084,3,1998,11,10.8
1085,3,1999,11,12.272
1086,3,2000,11,25.2435
1087,3,2001,11,21.6445
1088,3,2002,11,29.1246
1089,3,2003,11,34.5991
1090,3,2004,11,44.3
1091,3,2005,11,55.9
1092,3,2006,11,54.2552
1093,3,2007,11,62.04
1094,3,2008,11,98.58
1095,3,2009,11,109.8
1096,3,2010,11,106.7
1097,3,2011,11,132.57
1098,3,2012,11,155.4
1099,3,2013,11,171.3
1100,3,2014,11,262.48
1101,3,2015,11,230
1102,3,2016,11,450.5
1103,3,2017,11,461.21
1104,3,1970,12,0.0025
1105,3,1971,12,0.0028
1106,3,1972,12,0.004
1107,3,1973,12,0.0042
1108,3,1974,12,0.005
1109,3,1975,12,0.009
1110,3,1976,12,0.0155
1111,3,1977,12,0.0185
1112,3,1978,12,0.0286
1113,3,1979,12,0.0294
1114,3,1980,12,0.061
1115,3,1981,12,0.1075
1116,3,1982,12,0.2277
1117,3,1983,12,0.6225
1118,3,1984,12,0.4718
1119,3,1985,12,0.4287
1120,3,1986,12,0.7394
1121,3,1987,12,0.9684
1122,3,1988,12,1.8023
1123,3,1989,12,1.8223
1124,3,1990,12,1.8408
1125,3,1991,12,1.8933
1126,3,1992,12,2.1435
1127,3,1993,12,2.6974
1128,3,1994,12,4.658
1129,3,1995,12,5.9
1130,3,1996,12,9.1986
1131,3,1997,12,11.5364
1132,3,1998,12,10
1133,3,1999,12,11.4443
1134,3,2000,12,25.6625
1135,3,2001,12,22.5417
1136,3,2002,12,29.1855
1137,3,2003,12,32.2214
1138,3,2004,12,42.8
1139,3,2005,12,53.3431
1140,3,2006,12,57.7725
1141,3,2007,12,61.61
1142,3,2008,12,97.5
1143,3,2009,12,106.04
1144,3,2010,12,114.63
1145,3,2011,12,135.61
1146,3,2012,12,154.95
1147,3,2013,12,163.3
1148,3,2014,12,276.23
1149,3,2015,12,250.29
1150,3,2016,12,501.06
1151,3,2017,12,450.59
1152,1,1970,1,0.0011
1153,1,1971,1,0.0011
1154,1,1972,1,0.0014
1155,1,1973,1,0.0017
1156,1,1974,1,0.0018
1157,1,1975,1,0.002
1158,1,1976,1,0.0037
1159,1,1977,1,0.0087
1160,1,1978,1,0.012
1161,1,1979,1,0.0142
1162,1,1980,1,0.0229
1163,1,1981,1,0.0605
1164,1,1982,1,0.0656
1165,1,1983,1,0.1442
1166,1,1984,1,0.3446
1167,1,1985,1,0.1648
1168,1,1986,1,0.2583
1169,1,1987,1,0.3728
1170,1,1988,1,0.6151
1171,1,1989,1,0.5532
1172,1,1990,1,0.5243
1173,1,1991,1,1.0782
1174,1,1992,1,0.7801
1175,1,1993,1,1.1351
1176,1,1994,1,1.089
1177,1,1995,1,2.0992
1178,1,1996,1,2.5505
1179,1,1997,1,5.1967
1180,1,1998,1,7.1
1181,1,1999,1,4.5074
1182,1,2000,1,5.614
1183,1,2001,1,12.9032
1184,1,2002,1,14.4488
1185,1,2003,1,13.9759
1186,1,2004,1,18.1431
1187,1,2005,1,24.965
1188,1,2006,1,28
1189,1,2007,1,22.76
1190,1,2008,1,32.57
1191,1,2009,1,51.24
1192,1,2010,1,48.76
1193,1,2011,1,51.26
1194,1,2012,1,89.58
1195,1,2013,1,74.8
1196,1,2014,1,83.3
1197,1,2015,1,118.57
1198,1,2016,1,152.33
1199,1,2017,1,123.72
1200,1,1970,2,0.0012
1201,1,1971,2,0.0011
1202,1,1972,2,0.0016
1203,1,1973,2,0.0017
1204,1,1974,2,0.0019
1205,1,1975,2,0.0021
1206,1,1976,2,0.0039
1207,1,1977,2,0.0094
1208,1,1978,2,0.0129
1209,1,1979,2,0.0176
1210,1,1980,2,0.0223
1211,1,1981,2,0.0639
1212,1,1982,2,0.0555
1213,1,1983,2,0.382
1214,1,1984,2,0.3288
1215,1,1985,2,0.163
1216,1,1986,2,0.2985
1217,1,1987,2,0.376
1218,1,1988,2,0.7121
1219,1,1989,2,0.5857
1220,1,1990,2,0.5636
1221,1,1991,2,1.0856
1222,1,1992,2,0.8554
1223,1,1993,2,1.1715
1224,1,1994,2,1.1388
1225,1,1995,2,2.3043
1226,1,1996,2,2.6583
1227,1,1997,2,5.6263
1228,1,1998,2,7.234
1229,1,1999,2,4.4271
1230,1,2000,2,5.7331
1231,1,2001,2,13.2424
1232,1,2002,2,14.052
1233,1,2003,2,14.191
1234,1,2004,2,17.3731
1235,1,2005,2,27.383
1236,1,2006,2,26.72
1237,1,2007,2,24.54
1238,1,2008,2,34.38
1239,1,2009,2,55.99
1240,1,2010,2,49.61
1241,1,2011,2,52.32
1242,1,2012,2,93.9
1243,1,2013,2,77.3
1244,1,2014,2,83.54
1245,1,2015,2,116.2
1246,1,2016,2,158.54
1247,1,2017,2,123.29
1248,1,1970,3,0.0012
1249,1,1971,3,0.0012
1250,1,1972,3,0.0018
1251,1,1973,3,0.0019
1252,1,1974,3,0.002
1253,1,1975,3,0.0022
1254,1,1976,3,0.0038
1255,1,1977,3,0.0096
1256,1,1978,3,0.0133
1257,1,1979,3,0.0149
1258,1,1980,3,0.0256
1259,1,1981,3,0.071
1260,1,1982,3,0.0555
1261,1,1983,3,0.2878
1262,1,1984,3,0.3227
1263,1,1985,3,0.1608
1264,1,1986,3,0.3407
1265,1,1987,3,0.458
1266,1,1988,3,0.9035
1267,1,1989,3,0.6539
1268,1,1990,3,0.5952
1269,1,1991,3,1.1694
1270,1,1992,3,1.0077
1271,1,1993,3,1.1657
1272,1,1994,3,1.2527
1273,1,1995,3,2.635
1274,1,1996,3,2.8019
1275,1,1997,3,6.1763
1276,1,1998,3,7.259
1277,1,1999,3,4.5076
1278,1,2000,3,7.3567
1279,1,2001,3,14.6851
1280,1,2002,3,14.1575
1281,1,2003,3,14.6931
1282,1,2004,3,18.0837
1283,1,2005,3,30.678
1284,1,2006,3,24.4
1285,1,2007,3,25.95
1286,1,2008,3,38.66
1287,1,2009,3,55.68
1288,1,2010,3,50.31
1289,1,2011,3,52.62
1290,1,2012,3,85.63
1291,1,2013,3,76.95
1292,1,2014,3,88.71
1293,1,2015,3,116.61
1294,1,2016,3,163.05
1295,1,2017,3,129.81
1296,1,1970,4,0.0013
1297,1,1971,4,0.0013
1298,1,1972,4,0.0023
1299,1,1973,4,0.0023
1300,1,1974,4,0.0022
1301,1,1975,4,0.0024
1302,1,1976,4,0.0043
1303,1,1977,4,0.0108
1304,1,1978,4,0.0123
1305,1,1979,4,0.0177
1306,1,1980,4,0.0327
1307,1,1981,4,0.0862
1308,1,1982,4,0.0569
1309,1,1983,4,0.543
1310,1,1984,4,0.3755
1311,1,1985,4,0.2083
1312,1,1986,4,0.3967
1313,1,1987,4,0.5256
1314,1,1988,4,0.9017
1315,1,1989,4,0.6745
1316,1,1990,4,0.7539
1317,1,1991,4,1.2758
1318,1,1992,4,1.1708
1319,1,1993,4,1.2594
1320,1,1994,4,1.3412
1321,1,1995,4,2.9638
1322,1,1996,4,2.801
1323,1,1997,4,7.8737
1324,1,1998,4,7.206
1325,1,1999,4,4.5785
1326,1,2000,4,9.4507
1327,1,2001,4,17.7704
1328,1,2002,4,14.6083
1329,1,2003,4,14.165
1330,1,2004,4,19.1008
1331,1,2005,4,36.62
1332,1,2006,4,25.6
1333,1,2007,4,27.89
1334,1,2008,4,43.76
1335,1,2009,4,58.21
1336,1,2010,4,50.1
1337,1,2011,4,56.99
1338,1,2012,4,95.1
1339,1,2013,4,72
1340,1,2014,4,94.65
1341,1,2015,4,125.4
1342,1,2016,4,159.32
1343,1,2017,4,136.37
1344,1,1970,5,0.0014
1345,1,1971,5,0.0014
1346,1,1972,5,0.0024
1347,1,1973,5,0.0025
1348,1,1974,5,0.0022
1349,1,1975,5,0.0027
1350,1,1976,5,0.0056
1351,1,1977,5,0.0179
1352,1,1978,5,0.012
1353,1,1979,5,0.021
1354,1,1980,5,0.0405
1355,1,1981,5,0.1015
1356,1,1982,5,0.0903
1357,1,1983,5,0.6842
1358,1,1984,5,0.3361
1359,1,1985,5,0.2215
1360,1,1986,5,0.3865
1361,1,1987,5,0.604
1362,1,1988,5,0.9847
1363,1,1989,5,0.695
1364,1,1990,5,0.9469
1365,1,1991,5,1.1935
1366,1,1992,5,1.1996
1367,1,1993,5,1.3357
1368,1,1994,5,1.5547
1369,1,1995,5,3.0658
1370,1,1996,5,3.0213
1371,1,1997,5,7.7852
1372,1,1998,5,6.4344
1373,1,1999,5,4.6082
1374,1,2000,5,10.7994
1375,1,2001,5,18.7155
1376,1,2002,5,15.3736
1377,1,2003,5,15.4432
1378,1,2004,5,20.3933
1379,1,2005,5,43.253
1380,1,2006,5,27.4
1381,1,2007,5,28.37
1382,1,2008,5,56.37
1383,1,2009,5,65.55
1384,1,2010,5,52.37
1385,1,2011,5,67.94
1386,1,2012,5,110.35
1387,1,2013,5,77.4
1388,1,2014,5,107.09
1389,1,2015,5,142.04
1390,1,2016,5,164.85
1391,1,2017,5,160.8
1392,1,1970,6,0.0013
1393,1,1971,6,0.0014
1394,1,1972,6,0.0025
1395,1,1973,6,0.0024
1396,1,1974,6,0.0021
1397,1,1975,6,0.0029
1398,1,1976,6,0.0068
1399,1,1977,6,0.0184
1400,1,1978,6,0.0138
1401,1,1979,6,0.0229
1402,1,1980,6,0.0589
1403,1,1981,6,0.103
1404,1,1982,6,0.0921
1405,1,1983,6,0.7846
1406,1,1984,6,0.3161
1407,1,1985,6,0.2198
1408,1,1986,6,0.4383
1409,1,1987,6,0.787
1410,1,1988,6,0.9373
1411,1,1989,6,0.6067
1412,1,1990,6,1.0099
1413,1,1991,6,1.1509
1414,1,1992,6,1.2996
1415,1,1993,6,1.2807
1416,1,1994,6,1.6596
1417,1,1995,6,3.2972
1418,1,1996,6,3.6222
1419,1,1997,6,7.75
1420,1,1998,6,6.651
1421,1,1999,6,4.3818
1422,1,2000,6,10.8726
1423,1,2001,6,18.1484
1424,1,2002,6,16.2075
1425,1,2003,6,17.6314
1426,1,2004,6,21.6554
1427,1,2005,6,45.031
1428,1,2006,6,27.335
1429,1,2007,6,29.09
1430,1,2008,6,59.98
1431,1,2009,6,69.64
1432,1,2010,6,54.93
1433,1,2011,6,71.4
1434,1,2012,6,114.26
1435,1,2013,6,78.92
1436,1,2014,6,107.88
1437,1,2015,6,150.94
1438,1,2016,6,169.6
1439,1,2017,6,145.18
1440,1,1970,7,0.0013
1441,1,1971,7,0.0013
1442,1,1972,7,0.0018
1443,1,1973,7,0.0021
1444,1,1974,7,0.002
1445,1,1975,7,0.0027
1446,1,1976,7,0.0074
1447,1,1977,7,0.0155
1448,1,1978,7,0.0141
1449,1,1979,7,0.0174
1450,1,1980,7,0.0622
1451,1,1981,7,0.0874
1452,1,1982,7,0.1027
1453,1,1983,7,0.5258
1454,1,1984,7,0.2092
1455,1,1985,7,0.2479
1456,1,1986,7,0.3725
1457,1,1987,7,0.5834
1458,1,1988,7,0.7783
1459,1,1989,7,0.5633
1460,1,1990,7,1.4104
1461,1,1991,7,1.046
1462,1,1992,7,1.3119
1463,1,1993,7,1.2061
1464,1,1994,7,1.6642
1465,1,1995,7,2.8629
1466,1,1996,7,3.5293
1467,1,1997,7,7.2994
1468,1,1998,7,6.077
1469,1,1999,7,4.9287
1470,1,2000,7,11.7888
1471,1,2001,7,18.9489
1472,1,2002,7,15.1494
1473,1,2003,7,17.2207
1474,1,2004,7,24.7258
1475,1,2005,7,41.918
1476,1,2006,7,24.814
1477,1,2007,7,30.52
1478,1,2008,7,68.85
1479,1,2009,7,61.06
1480,1,2010,7,52.62
1481,1,2011,7,76.95
1482,1,2012,7,100.26
1483,1,2013,7,77.22
1484,1,2014,7,122.28
1485,1,2015,7,169.01
1486,1,2016,7,157.73
1487,1,2017,7,144.44
1488,1,1970,8,0.0012
1489,1,1971,8,0.001
1490,1,1972,8,0.0012
1491,1,1973,8,0.0015
1492,1,1974,8,0.0021
1493,1,1975,8,0.0021
1494,1,1976,8,0.0059
1495,1,1977,8,0.0165
1496,1,1978,8,0.0132
1497,1,1979,8,0.0141
1498,1,1980,8,0.0396
1499,1,1981,8,0.0824
1500,1,1982,8,0.0794
1501,1,1983,8,0.2736
1502,1,1984,8,0.139
1503,1,1985,8,0.1974
1504,1,1986,8,0.288
1505,1,1987,8,0.5221
1506,1,1988,8,0.4952
1507,1,1989,8,0.4691
1508,1,1990,8,1.0062
1509,1,1991,8,0.725
1510,1,1992,8,0.9185
1511,1,1993,8,0.9962
1512,1,1994,8,1.3854
1513,1,1995,8,1.8787
1514,1,1996,8,3.4567
1515,1,1997,8,5.6811
1516,1,1998,8,5.981
1517,1,1999,8,4.602
1518,1,2000,8,11.7457
1519,1,2001,8,18.2
1520,1,2002,8,12.7034
1521,1,2003,8,15.4361
1522,1,2004,8,23.5942
1523,1,2005,8,33.5445
1524,1,2006,8,21.72
1525,1,2007,8,25.92
1526,1,2008,8,50.74
1527,1,2009,8,43.15
1528,1,2010,8,48.57
1529,1,2011,8,77.9
1530,1,2012,8,88.9
1531,1,2013,8,74
1532,1,2014,8,116.43
1533,1,2015,8,156.05
1534,1,2016,8,148.44
1535,1,2017,8,139.22
1536,1,1970,9,0.0009
1537,1,1971,9,0.001
1538,1,1972,9,0.0011
1539,1,1973,9,0.0014
1540,1,1974,9,0.002
1541,1,1975,9,0.0019
1542,1,1976,9,0.0053
1543,1,1977,9,0.0083
1544,1,1978,9,0.0124
1545,1,1979,9,0.0175
1546,1,1980,9,0.0485
1547,1,1981,9,0.0512
1548,1,1982,9,0.0731
1549,1,1983,9,0.2129
1550,1,1984,9,0.0955
1551,1,1985,9,0.1636
1552,1,1986,9,0.242
1553,1,1987,9,0.473
1554,1,1988,9,0.4397
1555,1,1989,9,0.3696
1556,1,1990,9,0.6974
1557,1,1991,9,0.6169
1558,1,1992,9,0.76
1559,1,1993,9,0.8229
1560,1,1994,9,1.2094
1561,1,1995,9,1.5941
1562,1,1996,9,3.0198
1563,1,1997,9,4.8857
1564,1,1998,9,4.4534
1565,1,1999,9,3.7666
1566,1,2000,9,8.3546
1567,1,2001,9,9.7845
1568,1,2002,9,10.2985
1569,1,2003,9,12.9746
1570,1,2004,9,20.8844
1571,1,2005,9,28.525
1572,1,2006,9,18.1234
1573,1,2007,9,24.76
1574,1,2008,9,41.15
1575,1,2009,9,43.15
1576,1,2010,9,43.1
1577,1,2011,9,67.78
1578,1,2012,9,79.43
1579,1,2013,9,65.94
1580,1,2014,9,109.44
1581,1,2015,9,139.74
1582,1,2016,9,136.1
1583,1,2017,9,134.72
1584,1,1970,10,0.0009
1585,1,1971,10,0.001
1586,1,1972,10,0.0013
1587,1,1973,10,0.0014
1588,1,1974,10,0.0022
1589,1,1975,10,0.0032
1590,1,1976,10,0.0063
1591,1,1977,10,0.0079
1592,1,1978,10,0.0144
1593,1,1979,10,0.0167
1594,1,1980,10,0.0383
1595,1,1981,10,0.0701
1596,1,1982,10,0.0844
1597,1,1983,10,0.246
1598,1,1984,10,0.1209
1599,1,1985,10,0.1865
1600,1,1986,10,0.283
1601,1,1987,10,0.5406
1602,1,1988,10,0.4305
1603,1,1989,10,0.3777
1604,1,1990,10,0.6977
1605,1,1991,10,0.6397
1606,1,1992,10,0.7579
1607,1,1993,10,0.8586
1608,1,1994,10,1.2701
1609,1,1995,10,1.9095
1610,1,1996,10,3.5195
1611,1,1997,10,5.472
1612,1,1998,10,3.6049
1613,1,1999,10,3.9433
1614,1,2000,10,8.1037
1615,1,2001,10,10.27
1616,1,2002,10,10.254
1617,1,2003,10,13.1777
1618,1,2004,10,20.3
1619,1,2005,10,28.502
1620,1,2006,10,16.58
1621,1,2007,10,24.63
1622,1,2008,10,45.64
1623,1,2009,10,46.17
1624,1,2010,10,44.39
1625,1,2011,10,58.12
1626,1,2012,10,74.6
1627,1,2013,10,69.6
1628,1,2014,10,109.8
1629,1,2015,10,144.21
1630,1,2016,10,120.68
1631,1,2017,10,139.9
1632,1,1970,11,0.0011
1633,1,1971,11,0.0012
1634,1,1972,11,0.0016
1635,1,1973,11,0.0016
1636,1,1974,11,0.002
1637,1,1975,11,0.003
1638,1,1976,11,0.0074
1639,1,1977,11,0.0094
1640,1,1978,11,0.0163
1641,1,1979,11,0.0151
1642,1,1980,11,0.0431
1643,1,1981,11,0.0877
1644,1,1982,11,0.0962
1645,1,1983,11,0.2426
1646,1,1984,11,0.1078
1647,1,1985,11,0.2896
1648,1,1986,11,0.3248
1649,1,1987,11,0.596
1650,1,1988,11,0.4971
1651,1,1989,11,0.4682
1652,1,1990,11,1.0597
1653,1,1991,11,0.6476
1654,1,1992,11,0.9654
1655,1,1993,11,1.0081
1656,1,1994,11,1.5206
1657,1,1995,11,2.4096
1658,1,1996,11,3.9019
1659,1,1997,11,6.4022
1660,1,1998,11,4.3214
1661,1,1999,11,5.0167
1662,1,2000,11,11.6648
1663,1,2001,11,12.458
1664,1,2002,11,11.2837
1665,1,2003,11,14.9593
1666,1,2004,11,23.7
1667,1,2005,11,30.679
1668,1,2006,11,18.0514
1669,1,2007,11,30.47
1670,1,2008,11,41.71
1671,1,2009,11,49.38
1672,1,2010,11,45.36
1673,1,2011,11,65
1674,1,2012,11,68.4
1675,1,2013,11,73.74
1676,1,2014,11,112.71
1677,1,2015,11,153.83
1678,1,2016,11,124.55
1679,1,2017,11,139.11
1680,1,1970,12,0.0011
1681,1,1971,12,0.0013
1682,1,1972,12,0.001
1683,1,1973,12,0.0016
1684,1,1974,12,0.0021
1685,1,1975,12,0.0028
1686,1,1976,12,0.0079
1687,1,1977,12,0.0102
1688,1,1978,12,0.0143
1689,1,1979,12,0.011
1690,1,1980,12,0.0619
1691,1,1981,12,0.0633
1692,1,1982,12,0.105
1693,1,1983,12,0.3024
1694,1,1984,12,0.1088
1695,1,1985,12,0.2342
1696,1,1986,12,0.3435
1697,1,1987,12,0.6259
1698,1,1988,12,0.5354
1699,1,1989,12,0.4877
1700,1,1990,12,1.0938
1701,1,1991,12,0.6928
1702,1,1992,12,1.0306
1703,1,1993,12,1.0461
1704,1,1994,12,1.55
1705,1,1995,12,2.63
1706,1,1996,12,4.4947
1707,1,1997,12,7.0424
1708,1,1998,12,4.8488
1709,1,1999,12,4.9159
1710,1,2000,12,10.9118
1711,1,2001,12,15.069
1712,1,2002,12,12.4646
1713,1,2003,12,15.7704
1714,1,2004,12,26.3
1715,1,2005,12,27.873
1716,1,2006,12,21.2074
1717,1,2007,12,30.38
1718,1,2008,12,48.58
1719,1,2009,12,45.33
1720,1,2010,12,49.71
1721,1,2011,12,80.54
1722,1,2012,12,75.4
1723,1,2013,12,82.8
1724,1,2014,12,119.51
1725,1,2015,12,153.56
1726,1,2016,12,120.42
1727,1,2017,12,142.95
1728,2,1970,1,0.0015
1729,2,1971,1,0.0017
1730,2,1972,1,0.0016
1731,2,1973,1,0.0021
1732,2,1974,1,0.0027
1733,2,1975,1,0.0027
1734,2,1976,1,0.0045
1735,2,1977,1,0.0108
1736,2,1978,1,0.017
1737,2,1979,1,0.023
1738,2,1980,1,0.0271
1739,2,1981,1,0.0709
1740,2,1982,1,0.077
1741,2,1983,1,0.1453
1742,2,1984,1,0.5154
1743,2,1985,1,0.2521
1744,2,1986,1,0.3275
1745,2,1987,1,0.3727
1746,2,1988,1,0.6424
1747,2,1989,1,0.8951
1748,2,1990,1,0.8752
1749,2,1991,1,1.3694
1750,2,1992,1,1.1844
1751,2,1993,1,1.569
1752,2,1994,1,1.6166
1753,2,1995,1,2.1248
1754,2,1996,1,3.3436
1755,2,1997,1,5.8915
1756,2,1998,1,6.835
1757,2,1999,1,7.7788
1758,2,2000,1,7.5292
1759,2,2001,1,16.6025
1760,2,2002,1,18.7097
1761,2,2003,1,20.6468
1762,2,2004,1,21.3018
1763,2,2005,1,30.162
1764,2,2006,1,41
1765,2,2007,1,36.96
1766,2,2008,1,44.9
1767,2,2009,1,66.66
1768,2,2010,1,74.47
1769,2,2011,1,76.59
1770,2,2012,1,99.4
1771,2,2013,1,134
1772,2,2014,1,133.1
1773,2,2015,1,171.37
1774,2,2016,1,169.74
1775,2,2017,1,183.72
1776,2,1970,2,0.0014
1777,2,1971,2,0.0017
1778,2,1972,2,0.0017
1779,2,1973,2,0.0021
1780,2,1974,2,0.0029
1781,2,1975,2,0.0029
1782,2,1976,2,0.0047
1783,2,1977,2,0.0107
1784,2,1978,2,0.0165
1785,2,1979,2,0.0247
1786,2,1980,2,0.0297
1787,2,1981,2,0.0706
1788,2,1982,2,0.0953
1789,2,1983,2,0.1608
1790,2,1984,2,0.4379
1791,2,1985,2,0.3214
1792,2,1986,2,0.3182
1793,2,1987,2,0.376
1794,2,1988,2,0.7709
1795,2,1989,2,1.1712
1796,2,1990,2,0.8155
1797,2,1991,2,1.3066
1798,2,1992,2,1.396
1799,2,1993,2,1.6731
1800,2,1994,2,1.6074
1801,2,1995,2,2.3779
1802,2,1996,2,3.4731
1803,2,1997,2,6.024
1804,2,1998,2,7.7906
1805,2,1999,2,7.6362
1806,2,2000,2,7.5741
1807,2,2001,2,17.6783
1808,2,2002,2,19.5125
1809,2,2003,2,21.0713
1810,2,2004,2,21.0936
1811,2,2005,2,31.213
1812,2,2006,2,40.935
1813,2,2007,2,35.85
1814,2,2008,2,46.2
1815,2,2009,2,68.38
1816,2,2010,2,74.7
1817,2,2011,2,76.31
1818,2,2012,2,99.85
1819,2,2013,2,137.7
1820,2,2014,2,130.84
1821,2,2015,2,172.79
1822,2,2016,2,171.49
1823,2,2017,2,183.16
1824,2,1970,3,0.0014
1825,2,1971,3,0.0017
1826,2,1972,3,0.0019
1827,2,1973,3,0.0021
1828,2,1974,3,0.0027
1829,2,1975,3,0.0028
1830,2,1976,3,0.0051
1831,2,1977,3,0.0109
1832,2,1978,3,0.0173
1833,2,1979,3,0.0221
1834,2,1980,3,0.0361
1835,2,1981,3,0.0712
1836,2,1982,3,0.0794
1837,2,1983,3,0.2292
1838,2,1984,3,0.4683
1839,2,1985,3,0.2919
1840,2,1986,3,0.343
1841,2,1987,3,0.438
1842,2,1988,3,0.9156
1843,2,1989,3,1.1735
1844,2,1990,3,0.7977
1845,2,1991,3,1.4043
1846,2,1992,3,1.4787
1847,2,1993,3,1.6413
1848,2,1994,3,1.7686
1849,2,1995,3,2.6468
1850,2,1996,3,3.5125
1851,2,1997,3,6.1642
1852,2,1998,3,7.4915
1853,2,1999,3,8.4896
1854,2,2000,3,7.7793
1855,2,2001,3,17.5445
1856,2,2002,3,19.9918
1857,2,2003,3,21.2123
1858,2,2004,3,22.6241
1859,2,2005,3,34.407
1860,2,2006,3,41.743
1861,2,2007,3,34.66
1862,2,2008,3,51.95
1863,2,2009,3,69.44
1864,2,2010,3,76.84
1865,2,2011,3,75.52
1866,2,2012,3,95.6
1867,2,2013,3,136.4
1868,2,2014,3,129.94
1869,2,2015,3,157.49
1870,2,2016,3,179.33
1871,2,2017,3,190.27
1872,2,1970,4,0.0016
1873,2,1971,4,0.0018
1874,2,1972,4,0.0019
1875,2,1973,4,0.0024
1876,2,1974,4,0.003
1877,2,1975,4,0.0027
1878,2,1976,4,0.0055
1879,2,1977,4,0.0163
1880,2,1978,4,0.0186
1881,2,1979,4,0.0237
1882,2,1980,4,0.0378
1883,2,1981,4,0.0845
1884,2,1982,4,0.0932
1885,2,1983,4,0.4182
1886,2,1984,4,0.5055
1887,2,1985,4,0.2852
1888,2,1986,4,0.3641
1889,2,1987,4,0.5256
1890,2,1988,4,0.996
1891,2,1989,4,1.1439
1892,2,1990,4,0.9582
1893,2,1991,4,1.4947
1894,2,1992,4,1.4668
1895,2,1993,4,1.6886
1896,2,1994,4,1.7882
1897,2,1995,4,2.8212
1898,2,1996,4,3.4793
1899,2,1997,4,6.7175
1900,2,1998,4,8.3917
1901,2,1999,4,7.6821
1902,2,2000,4,8.6067
1903,2,2001,4,19.3421
1904,2,2002,4,20.4927
1905,2,2003,4,20.7697
1906,2,2004,4,22.009
1907,2,2005,4,37.127
1908,2,2006,4,38.614
1909,2,2007,4,36.78
1910,2,2008,4,52.87
1911,2,2009,4,70.31
1912,2,2010,4,77.38
1913,2,2011,4,78.27
1914,2,2012,4,107.96
1915,2,2013,4,138
1916,2,2014,4,134.79
1917,2,2015,4,165.81
1918,2,2016,4,168.9
1919,2,2017,4,187.66
1920,2,1970,5,0.0017
1921,2,1971,5,0.0018
1922,2,1972,5,0.0018
1923,2,1973,5,0.0024
1924,2,1974,5,0.003
1925,2,1975,5,0.0028
1926,2,1976,5,0.0061
1927,2,1977,5,0.0167
1928,2,1978,5,0.02
1929,2,1979,5,0.0235
1930,2,1980,5,0.0419
1931,2,1981,5,0.087
1932,2,1982,5,0.1184
1933,2,1983,5,0.5383
1934,2,1984,5,0.4621
1935,2,1985,5,0.2775
1936,2,1986,5,0.3864
1937,2,1987,5,0.604
1938,2,1988,5,1.006
1939,2,1989,5,1.1142
1940,2,1990,5,0.9457
1941,2,1991,5,1.4808
1942,2,1992,5,1.5225
1943,2,1993,5,1.7179
1944,2,1994,5,1.8346
1945,2,1995,5,2.816
1946,2,1996,5,3.611
1947,2,1997,5,7.5221
1948,2,1998,5,9.0354
1949,2,1999,5,7.0038
1950,2,2000,5,8.9875
1951,2,2001,5,21.577
1952,2,2002,5,21.1319
1953,2,2003,5,20.1901
1954,2,2004,5,23.9693
1955,2,2005,5,40.909
1956,2,2006,5,41.843
1957,2,2007,5,35.33
1958,2,2008,5,61.05
1959,2,2009,5,73.85
1960,2,2010,5,76.62
1961,2,2011,5,82.94
1962,2,2012,5,113.95
1963,2,2013,5,140.6
1964,2,2014,5,139.99
1965,2,2015,5,168.09
1966,2,2016,5,171.45
1967,2,2017,5,203.52
1968,2,1970,6,0.0017
1969,2,1971,6,0.0018
1970,2,1972,6,0.0021
1971,2,1973,6,0.0023
1972,2,1974,6,0.0031
1973,2,1975,6,0.0027
1974,2,1976,6,0.0071
1975,2,1977,6,0.025
1976,2,1978,6,0.0204
1977,2,1979,6,0.023
1978,2,1980,6,0.0515
1979,2,1981,6,0.0907
1980,2,1982,6,0.1252
1981,2,1983,6,0.5594
1982,2,1984,6,0.5168
1983,2,1985,6,0.2943
1984,2,1986,6,0.4383
1985,2,1987,6,0.787
1986,2,1988,6,1.1105
1987,2,1989,6,1.1083
1988,2,1990,6,0.9525
1989,2,1991,6,1.464
1990,2,1992,6,1.5354
1991,2,1993,6,1.6717
1992,2,1994,6,1.85
1993,2,1995,6,3.0669
1994,2,1996,6,4.2802
1995,2,1997,6,7.2394
1996,2,1998,6,9.3
1997,2,1999,6,6.56
1998,2,2000,6,9.1654
1999,2,2001,6,21.9562
2000,2,2002,6,20.7719
2001,2,2003,6,23.5967
2002,2,2004,6,22.744
2003,2,2005,6,46.567
2004,2,2006,6,43.54
2005,2,2007,6,36.25
2006,2,2008,6,62.79
2007,2,2009,6,81.63
2008,2,2010,6,81.83
2009,2,2011,6,81.68
2010,2,2012,6,111.54
2011,2,2013,6,138.1
2012,2,2014,6,145.43
2013,2,2015,6,187.88
2014,2,2016,6,179.73
2015,2,2017,6,199.3
2016,2,1970,7,0.0017
2017,2,1971,7,0.0018
2018,2,1972,7,0.0021
2019,2,1973,7,0.0026
2020,2,1974,7,0.0032
2021,2,1975,7,0.0027
2022,2,1976,7,0.0083
2023,2,1977,7,0.017
2024,2,1978,7,0.0163
2025,2,1979,7,0.0209
2026,2,1980,7,0.0587
2027,2,1981,7,0.0905
2028,2,1982,7,0.1454
2029,2,1983,7,0.675
2030,2,1984,7,0.47
2031,2,1985,7,0.3601
2032,2,1986,7,0.4231
2033,2,1987,7,0.5835
2034,2,1988,7,1.1535
2035,2,1989,7,1.0959
2036,2,1990,7,1.3926
2037,2,1991,7,1.4471
2038,2,1992,7,1.4673
2039,2,1993,7,1.8938
2040,2,1994,7,1.8293
2041,2,1995,7,3.5352
2042,2,1996,7,4.4508
2043,2,1997,7,7.4468
2044,2,1998,7,9.086
2045,2,1999,7,7.4312
2046,2,2000,7,9.5748
2047,2,2001,7,22.35
2048,2,2002,7,20.0438
2049,2,2003,7,22.6589
2050,2,2004,7,24.7891
2051,2,2005,7,47.802
2052,2,2006,7,42.865
2053,2,2007,7,38.08
2054,2,2008,7,66
2055,2,2009,7,78.2
2056,2,2010,7,78.76
2057,2,2011,7,88.82
2058,2,2012,7,116.64
2059,2,2013,7,140.1
2060,2,2014,7,151.04
2061,2,2015,7,193.96
2062,2,2016,7,175.44
2063,2,2017,7,203.01
2064,2,1970,8,0.0016
2065,2,1971,8,0.0018
2066,2,1972,8,0.002
2067,2,1973,8,0.003
2068,2,1974,8,0.0031
2069,2,1975,8,0.0027
2070,2,1976,8,0.0074
2071,2,1977,8,0.0197
2072,2,1978,8,0.0194
2073,2,1979,8,0.0208
2074,2,1980,8,0.0722
2075,2,1981,8,0.0866
2076,2,1982,8,0.1726
2077,2,1983,8,0.5772
2078,2,1984,8,0.4307
2079,2,1985,8,0.3725
2080,2,1986,8,0.4413
2081,2,1987,8,0.5221
2082,2,1988,8,1.0909
2083,2,1989,8,1.1241
2084,2,1990,8,1.1438
2085,2,1991,8,1.4627
2086,2,1992,8,1.4192
2087,2,1993,8,1.7925
2088,2,1994,8,1.8601
2089,2,1995,8,3.3701
2090,2,1996,8,4.7169
2091,2,1997,8,7.3971
2092,2,1998,8,9.888
2093,2,1999,8,7.0407
2094,2,2000,8,11.13411
2095,2,2001,8,23
2096,2,2002,8,21.7014
2097,2,2003,8,22.0157
2098,2,2004,8,26.3697
2099,2,2005,8,48.316
2100,2,2006,8,42.578
2101,2,2007,8,37.37
2102,2,2008,8,66.77
2103,2,2009,8,78.87
2104,2,2010,8,80.06
2105,2,2011,8,91.8
2106,2,2012,8,118.7
2107,2,2013,8,138.5
2108,2,2014,8,163.1
2109,2,2015,8,183.49
2110,2,2016,8,172.44
2111,2,2017,8,215.88
2112,2,1970,9,0.0017
2113,2,1971,9,0.0018
2114,2,1972,9,0.002
2115,2,1973,9,0.0031
2116,2,1974,9,0.0029
2117,2,1975,9,0.0029
2118,2,1976,9,0.0094
2119,2,1977,9,0.0135
2120,2,1978,9,0.0207
2121,2,1979,9,0.0193
2122,2,1980,9,0.0604
2123,2,1981,9,0.0858
2124,2,1982,9,0.1407
2125,2,1983,9,0.5
2126,2,1984,9,0.4578
2127,2,1985,9,0.4324
2128,2,1986,9,0.4622
2129,2,1987,9,0.473
2130,2,1988,9,1.0695
2131,2,1989,9,1.1534
2132,2,1990,9,1.0815
2133,2,1991,9,1.4887
2134,2,1992,9,1.5967
2135,2,1993,9,1.6924
2136,2,1994,9,1.7713
2137,2,1995,9,3.4191
2138,2,1996,9,4.6624
2139,2,1997,9,7.4867
2140,2,1998,9,9.44
2141,2,1999,9,7.2442
2142,2,2000,9,11.654
2143,2,2001,9,23.1112
2144,2,2002,9,21.4728
2145,2,2003,9,22.1544
2146,2,2004,9,27.5438
2147,2,2005,9,46.94
2148,2,2006,9,40.0973
2149,2,2007,9,33.67
2150,2,2008,9,67.49
2151,2,2009,9,74.75
2152,2,2010,9,75.31
2153,2,2011,9,87.14
2154,2,2012,9,122.73
2155,2,2013,9,123.2
2156,2,2014,9,173.03
2157,2,2015,9,183.5
2158,2,2016,9,171.44
2159,2,2017,9,231.76
2160,2,1970,10,0.0017
2161,2,1971,10,0.0017
2162,2,1972,10,0.0021
2163,2,1973,10,0.0029
2164,2,1974,10,0.0029
2165,2,1975,10,0.003
2166,2,1976,10,0.0097
2167,2,1977,10,0.0173
2168,2,1978,10,0.0171
2169,2,1979,10,0.0213
2170,2,1980,10,0.0584
2171,2,1981,10,0.0948
2172,2,1982,10,0.1427
2173,2,1983,10,0.65
2174,2,1984,10,0.4368
2175,2,1985,10,0.3363
2176,2,1986,10,0.4388
2177,2,1987,10,0.5406
2178,2,1988,10,0.4305
2179,2,1989,10,1.0603
2180,2,1990,10,1.2401
2181,2,1991,10,1.5009
2182,2,1992,10,1.4826
2183,2,1993,10,1.8119
2184,2,1994,10,1.8737
2185,2,1995,10,3.3935
2186,2,1996,10,5.0594
2187,2,1997,10,7.693
2188,2,1998,10,9.5
2189,2,1999,10,7.159
2190,2,2000,10,11.717
2191,2,2001,10,23.3
2192,2,2002,10,22.4589
2193,2,2003,10,21.7
2194,2,2004,10,28.5
2195,2,2005,10,47.95
2196,2,2006,10,37.37
2197,2,2007,10,40.58
2198,2,2008,10,68.31
2199,2,2009,10,77.44
2200,2,2010,10,76.75
2201,2,2011,10,83.17
2202,2,2012,10,133.87
2203,2,2013,10,127.2
2204,2,2014,10,170.66
2205,2,2015,10,181.37
2206,2,2016,10,188.49
2207,2,2017,10,243.37
2208,2,1970,11,0.0016
2209,2,1971,11,0.0017
2210,2,1972,11,0.0023
2211,2,1973,11,0.0027
2212,2,1974,11,0.0028
2213,2,1975,11,0.0032
2214,2,1976,11,0.0088
2215,2,1977,11,0.0167
2216,2,1978,11,0.019
2217,2,1979,11,0.0223
2218,2,1980,11,0.0551
2219,2,1981,11,0.1281
2220,2,1982,11,0.1436
2221,2,1983,11,0.61
2222,2,1984,11,0.3983
2223,2,1985,11,0.3374
2224,2,1986,11,0.5386
2225,2,1987,11,0.596
2226,2,1988,11,0.4971
2227,2,1989,11,0.9476
2228,2,1990,11,1.4719
2229,2,1991,11,1.4413
2230,2,1992,11,1.5093
2231,2,1993,11,1.8126
2232,2,1994,11,2.1587
2233,2,1995,11,3.5035
2234,2,1996,11,5.3694
2235,2,1997,11,6.3083
2236,2,1998,11,9.12
2237,2,1999,11,5.0167
2238,2,2000,11,15.4117
2239,2,2001,11,24.561
2240,2,2002,11,23.0412
2241,2,2003,11,19.9012
2242,2,2004,11,29.4
2243,2,2005,11,49.333
2244,2,2006,11,35.363
2245,2,2007,11,41.52
2246,2,2008,11,71.14
2247,2,2009,11,75.31
2248,2,2010,11,71.1
2249,2,2011,11,85.47
2250,2,2012,11,142.9
2251,2,2013,11,124.3
2252,2,2014,11,164.8
2253,2,2015,11,191.15
2254,2,2016,11,198.78
2255,2,2017,11,249.55
2256,2,1970,12,0.0017
2257,2,1971,12,0.0017
2258,2,1972,12,0.0022
2259,2,1973,12,0.0028
2260,2,1974,12,0.003
2261,2,1975,12,0.0034
2262,2,1976,12,0.0099
2263,2,1977,12,0.0167
2264,2,1978,12,0.0205
2265,2,1979,12,0.0227
2266,2,1980,12,0.0657
2267,2,1981,12,0.093
2268,2,1982,12,0.1689
2269,2,1983,12,0.3737
2270,2,1984,12,0.2234
2271,2,1985,12,0.3575
2272,2,1986,12,0.3435
2273,2,1987,12,0.6259
2274,2,1988,12,0.8225
2275,2,1989,12,0.8866
2276,2,1990,12,1.4719
2277,2,1991,12,1.3746
2278,2,1992,12,1.4996
2279,2,1993,12,1.7053
2280,2,1994,12,2.0701
2281,2,1995,12,3.5575
2282,2,1996,12,5.3457
2283,2,1997,12,8.0115
2284,2,1998,12,8.75
2285,2,1999,12,7.6843
2286,2,2000,12,16.2327
2287,2,2001,12,25.5
2288,2,2002,12,21.7561
2289,2,2003,12,19.6338
2290,2,2004,12,30.6
2291,2,2005,12,40.744
2292,2,2006,12,39.6927
2293,2,2007,12,44.42
2294,2,2008,12,67.96
2295,2,2009,12,75.63
2296,2,2010,12,73.97
2297,2,2011,12,90.66
2298,2,2012,12,139
2299,2,2013,12,148.33
2300,2,2014,12,175.94
2301,2,2015,12,191.56
2302,2,2016,12,193.21
2303,2,2017,12,247.63
2304,4,1970,1,0.0015
2305,4,1971,1,0.0016
2306,4,1972,1,0.0015
2307,4,1973,1,0.003
2308,4,1974,1,0.0026
2309,4,1975,1,0.0027
2310,4,1976,1,0.0047
2311,4,1977,1,0.0112
2312,4,1978,1,0.0182
2313,4,1979,1,0.021
2314,4,1980,1,0.0275
2315,4,1981,1,0.0622
2316,4,1982,1,0.0705
2317,4,1983,1,1.5058
2318,4,1984,1,0.5462
2319,4,1985,1,0.2246
2320,4,1986,1,0.2533
2321,4,1987,1,0.3875
2322,4,1988,1,0.5834
2323,4,1989,1,0.7349
2324,4,1990,1,0.8595
2325,4,1991,1,1.2187
2326,4,1992,1,1.115
2327,4,1993,1,1.617
2328,4,1994,1,1.5157
2329,4,1995,1,2.102
2330,4,1996,1,3.4779
2331,4,1997,1,5.1689
2332,4,1998,1,6.5325
2333,4,1999,1,7.1591
2334,4,2000,1,6.4562
2335,4,2001,1,16
2336,4,2002,1,20.3783
2337,4,2003,1,19.8869
2338,4,2004,1,32.4276
2339,4,2005,1,30.402
2340,4,2006,1,39.56
2341,4,2007,1,34.63
2342,4,2008,1,39.32
2343,4,2009,1,66
2344,4,2010,1,71.45
2345,4,2011,1,74.47
2346,4,2012,1,101.54
2347,4,2013,1,120.8
2348,4,2014,1,122.79
2349,4,2015,1,169.53
2350,4,2016,1,152.2
2351,4,2017,1,184.1
2352,4,1970,2,0.0014
2353,4,1971,2,0.0017
2354,4,1972,2,0.0016
2355,4,1973,2,0.002
2356,4,1974,2,0.0026
2357,4,1975,2,0.0027
2358,4,1976,2,0.0049
2359,4,1977,2,0.01
2360,4,1978,2,0.012
2361,4,1979,2,0.0196
2362,4,1980,2,0.0501
2363,4,1981,2,0.0586
2364,4,1982,2,0.0714
2365,4,1983,2,0.175
2366,4,1984,2,0.4441
2367,4,1985,2,0.2411
2368,4,1986,2,0.2847
2369,4,1987,2,0.403
2370,4,1988,2,0.7364
2371,4,1989,2,0.9117
2372,4,1990,2,0.8358
2373,4,1991,2,1.2471
2374,4,1992,2,1.2927
2375,4,1993,2,1.6522
2376,4,1994,2,1.6078
2377,4,1995,2,2.4675
2378,4,1996,2,3.4173
2379,4,1997,2,5.326
2380,4,1998,2,6.8897
2381,4,1999,2,7.0171
2382,4,2000,2,7.5741
2383,4,2001,2,17.1116
2384,4,2002,2,18.9832
2385,4,2003,2,20.456
2386,4,2004,2,21.5521
2387,4,2005,2,31.373
2388,4,2006,2,37.329
2389,4,2007,2,34.86
2390,4,2008,2,42.48
2391,4,2009,2,68.22
2392,4,2010,2,70.33
2393,4,2011,2,73.91
2394,4,2012,2,106.12
2395,4,2013,2,124.6
2396,4,2014,2,128.95
2397,4,2015,2,211.31
2398,4,2016,2,157.74
2399,4,2017,2,179.28
2400,4,1970,3,0.0014
2401,4,1971,3,0.0015
2402,4,1972,3,0.0017
2403,4,1973,3,0.0023
2404,4,1974,3,0.0027
2405,4,1975,3,0.0029
2406,4,1976,3,0.0049
2407,4,1977,3,0.0098
2408,4,1978,3,0.0115
2409,4,1979,3,0.0199
2410,4,1980,3,0.0376
2411,4,1981,3,0.0702
2412,4,1982,3,0.0752
2413,4,1983,3,0.2218
2414,4,1984,3,0.4609
2415,4,1985,3,0.2797
2416,4,1986,3,0.3106
2417,4,1987,3,0.4449
2418,4,1988,3,0.8324
2419,4,1989,3,0.9804
2420,4,1990,3,0.8384
2421,4,1991,3,1.3049
2422,4,1992,3,1.3929
2423,4,1993,3,1.7279
2424,4,1994,3,1.7135
2425,4,1995,3,2.7127
2426,4,1996,3,3.3646
2427,4,1997,3,5.9907
2428,4,1998,3,7.3675
2429,4,1999,3,6.5718
2430,4,2000,3,7.0759
2431,4,2001,3,17.4535
2432,4,2002,3,19.9131
2433,4,2003,3,19.826
2434,4,2004,3,21.9477
2435,4,2005,3,32.923
2436,4,2006,3,36.39
2437,4,2007,3,31.18
2438,4,2008,3,48.65
2439,4,2009,3,66.36
2440,4,2010,3,75.33
2441,4,2011,3,80.76
2442,4,2012,3,100.41
2443,4,2013,3,127.6
2444,4,2014,3,125.27
2445,4,2015,3,160.45
2446,4,2016,3,163.14
2447,4,2017,3,184.11
2448,4,1970,4,0.0015
2449,4,1971,4,0.0018
2450,4,1972,4,0.0018
2451,4,1973,4,0.0023
2452,4,1974,4,0.0029
2453,4,1975,4,0.0028
2454,4,1976,4,0.0056
2455,4,1977,4,0.015
2456,4,1978,4,0.0181
2457,4,1979,4,0.0195
2458,4,1980,4,0.04
2459,4,1981,4,0.0878
2460,4,1982,4,0.0848
2461,4,1983,4,0.3794
2462,4,1984,4,0.5037
2463,4,1985,4,0.2343
2464,4,1986,4,0.3558
2465,4,1987,4,0.4526
2466,4,1988,4,0.9281
2467,4,1989,4,0.9708
2468,4,1990,4,0.922
2469,4,1991,4,1.447
2470,4,1992,4,1.2812
2471,4,1993,4,1.7447
2472,4,1994,4,1.7638
2473,4,1995,4,2.9277
2474,4,1996,4,3.5497
2475,4,1997,4,6.2758
2476,4,1998,4,6.54
2477,4,1999,4,6.8186
2478,4,2000,4,8.5562
2479,4,2001,4,18.0916
2480,4,2002,4,21.4273
2481,4,2003,4,20.5632
2482,4,2004,4,22.5554
2483,4,2005,4,36.9995
2484,4,2006,4,37.542
2485,4,2007,4,35.43
2486,4,2008,4,49.81
2487,4,2009,4,68.18
2488,4,2010,4,73.41
2489,4,2011,4,81.45
2490,4,2012,4,100.79
2491,4,2013,4,125.9
2492,4,2014,4,125.27
2493,4,2015,4,160.07
2494,4,2016,4,161.38
2495,4,2017,4,187.6
2496,4,1970,5,0.0016
2497,4,1971,5,0.0018
2498,4,1972,5,0.0019
2499,4,1973,5,0.0024
2500,4,1974,5,0.0029
2501,4,1975,5,0.0028
2502,4,1976,5,0.0061
2503,4,1977,5,0.0145
2504,4,1978,5,0.0197
2505,4,1979,5,0.0227
2506,4,1980,5,0.0421
2507,4,1981,5,0.0806
2508,4,1982,5,0.1143
2509,4,1983,5,0.5808
2510,4,1984,5,0.4567
2511,4,1985,5,0.2699
2512,4,1986,5,0.3643
2513,4,1987,5,0.6242
2514,4,1988,5,0.8667
2515,4,1989,5,0.9612
2516,4,1990,5,0.8534
2517,4,1991,5,1.3919
2518,4,1992,5,1.3821
2519,4,1993,5,1.727
2520,4,1994,5,1.8007
2521,4,1995,5,2.9223
2522,4,1996,5,3.7639
2523,4,1997,5,6.8965
2524,4,1998,5,7.5904
2525,4,1999,5,6.8234
2526,4,2000,5,8.1285
2527,4,2001,5,19.75
2528,4,2002,5,21.831
2529,4,2003,5,20.4796
2530,4,2004,5,22.6591
2531,4,2005,5,40.901
2532,4,2006,5,38.44
2533,4,2007,5,34.22
2534,4,2008,5,56.43
2535,4,2009,5,68.89
2536,4,2010,5,75.6
2537,4,2011,5,81.37
2538,4,2012,5,104.1
2539,4,2013,5,130.43
2540,4,2014,5,147.25
2541,4,2015,5,"158,83"
2542,4,2016,5,166.77
2543,4,2017,5,197.44
2544,4,1970,6,0.0016
2545,4,1971,6,0.0018
2546,4,1972,6,0.0023
2547,4,1973,6,0.0026
2548,4,1974,6,0.0029
2549,4,1975,6,0.0028
2550,4,1976,6,0.0069
2551,4,1977,6,0.022
2552,4,1978,6,0.0193
2553,4,1979,6,0.0219
2554,4,1980,6,0.0517
2555,4,1981,6,0.0857
2556,4,1982,6,0.1176
2557,4,1983,6,0.5861
2558,4,1984,6,0.459
2559,4,1985,6,0.2549
2560,4,1986,6,0.4402
2561,4,1987,6,0.5914
2562,4,1988,6,1.0117
2563,4,1989,6,1.012
2564,4,1990,6,1.0115
2565,4,1991,6,1.3827
2566,4,1992,6,1.5249
2567,4,1993,6,1.6648
2568,4,1994,6,1.7876
2569,4,1995,6,3.0313
2570,4,1996,6,4.3201
2571,4,1997,6,6.8141
2572,4,1998,6,8
2573,4,1999,6,6.097
2574,4,2000,6,8.1156
2575,4,2001,6,20.6
2576,4,2002,6,20.6406
2577,4,2003,6,21.561
2578,4,2004,6,21.908
2579,4,2005,6,44.243
2580,4,2006,6,38.88
2581,4,2007,6,34.74
2582,4,2008,6,61.6
2583,4,2009,6,75.05
2584,4,2010,6,76.92
2585,4,2011,6,83.55
2586,4,2012,6,111.25
2587,4,2013,6,128.5
2588,4,2014,6,139.72
2589,4,2015,6,167.44
2590,4,2016,6,167.19
2591,4,2017,6,194.26
2592,4,1970,7,0.0017
2593,4,1971,7,0.0017
2594,4,1972,7,0.0019
2595,4,1973,7,0.0028
2596,4,1974,7,0.003
2597,4,1975,7,0.0027
2598,4,1976,7,0.0081
2599,4,1977,7,0.02
2600,4,1978,7,0.0212
2601,4,1979,7,0.0195
2602,4,1980,7,0.0674
2603,4,1981,7,0.0882
2604,4,1982,7,0.1358
2605,4,1983,7,0.6922
2606,4,1984,7,0.5154
2607,4,1985,7,0.2541
2608,4,1986,7,0.4312
2609,4,1987,7,0.6187
2610,4,1988,7,0.0845
2611,4,1989,7,0.9707
2612,4,1990,7,1.1552
2613,4,1991,7,1.4159
2614,4,1992,7,1.5705
2615,4,1993,7,1.8234
2616,4,1994,7,1.7784
2617,4,1995,7,3.3093
2618,4,1996,7,4.4825
2619,4,1997,7,6.6775
2620,4,1998,7,9.5585
2621,4,1999,7,7.1291
2622,4,2000,7,0.925
2623,4,2001,7,20.667
2624,4,2002,7,21.6693
2625,4,2003,7,20.7307
2626,4,2004,7,24.9224
2627,4,2005,7,46.62
2628,4,2006,7,28.8137
2629,4,2007,7,34.97
2630,4,2008,7,66.26
2631,4,2009,7,73.85
2632,4,2010,7,77.71
2633,4,2011,7,86.96
2634,4,2012,7,108
2635,4,2013,7,130.74
2636,4,2014,7,148.97
2637,4,2015,7,188.77
2638,4,2016,7,158.22
2639,4,2017,7,187.57
2640,4,1970,8,0.0016
2641,4,1971,8,0.0018
2642,4,1972,8,0.0019
2643,4,1973,8,0.003
2644,4,1974,8,0.0029
2645,4,1975,8,0.0029
2646,4,1976,8,0.0086
2647,4,1977,8,0.0215
2648,4,1978,8,0.0192
2649,4,1979,8,0.0202
2650,4,1980,8,0.0812
2651,4,1981,8,0.1276
2652,4,1982,8,0.1715
2653,4,1983,8,0.5933
2654,4,1984,8,0.4782
2655,4,1985,8,0.2541
2656,4,1986,8,0.5884
2657,4,1987,8,0.6811
2658,4,1988,8,1.0286
2659,4,1989,8,1.1078
2660,4,1990,8,1.1466
2661,4,1991,8,1.4254
2662,4,1992,8,1.5247
2663,4,1993,8,1.7782
2664,4,1994,8,1.8104
2665,4,1995,8,3.2607
2666,4,1996,8,4.872
2667,4,1997,8,6.8677
2668,4,1998,8,9.0685
2669,4,1999,8,7.156
2670,4,2000,8,10.125
2671,4,2001,8,2.15
2672,4,2002,8,21.2168
2673,4,2003,8,21.3798
2674,4,2004,8,26.1406
2675,4,2005,8,64.449
2676,4,2006,8,35.69
2677,4,2007,8,34.81
2678,4,2008,8,67.03
2679,4,2009,8,73.74
2680,4,2010,8,77.6
2681,4,2011,8,91.38
2682,4,2012,8,108.9
2683,4,2013,8,125.3
2684,4,2014,8,162.13
2685,4,2015,8,181.66
2686,4,2016,8,151.32
2687,4,2017,8,206.24
2688,4,1970,9,0.0017
2689,4,1971,9,0.0017
2690,4,1972,9,0.0019
2691,4,1973,9,0.0029
2692,4,1974,9,0.0029
2693,4,1975,9,0.003
2694,4,1976,9,0.0091
2695,4,1977,9,0.0186
2696,4,1978,9,0.0192
2697,4,1979,9,0.0243
2698,4,1980,9,0.0738
2699,4,1981,9,0.093
2700,4,1982,9,0.1486
2701,4,1983,9,0.6572
2702,4,1984,9,0.3799
2703,4,1985,9,0.3069
2704,4,1986,9,0.4714
2705,4,1987,9,0.6449
2706,4,1988,9,1.1183
2707,4,1989,9,0.9793
2708,4,1990,9,1.2025
2709,4,1991,9,1.3435
2710,4,1992,9,1.5506
2711,4,1993,9,1.7022
2712,4,1994,9,1.8016
2713,4,1995,9,3.1086
2714,4,1996,9,4.7555
2715,4,1997,9,7.005
2716,4,1998,9,8.65
2717,4,1999,9,7.0169
2718,4,2000,9,10.18751
2719,4,2001,9,23.5
2720,4,2002,9,21.1274
2721,4,2003,9,20.9079
2722,4,2004,9,27.9281
2723,4,2005,9,43.64
2724,4,2006,9,35.65
2725,4,2007,9,32.17
2726,4,2008,9,69.51
2727,4,2009,9,77.6
2728,4,2010,9,73.11
2729,4,2011,9,85.69
2730,4,2012,9,109.76
2731,4,2013,9,110.24
2732,4,2014,9,172.7
2733,4,2015,9,182.82
2734,4,2016,9,159.86
2735,4,2017,9,216.13
2736,4,1970,10,0.0017
2737,4,1971,10,0.0016
2738,4,1972,10,0.0021
2739,4,1973,10,0.0032
2740,4,1974,10,0.003
2741,4,1975,10,0.003
2742,4,1976,10,0.0095
2743,4,1977,10,0.0193
2744,4,1978,10,0.0181
2745,4,1979,10,0.0257
2746,4,1980,10,0.0743
2747,4,1981,10,0.0978
2748,4,1982,10,0.1468
2749,4,1983,10,0.555
2750,4,1984,10,0.4441
2751,4,1985,10,0.2878
2752,4,1986,10,0.4523
2753,4,1987,10,0.8468
2754,4,1988,10,1.0237
2755,4,1989,10,1.0437
2756,4,1990,10,1.1856
2757,4,1991,10,1.4328
2758,4,1992,10,1.6323
2759,4,1993,10,1.7076
2760,4,1994,10,1.8442
2761,4,1995,10,3.2371
2762,4,1996,10,5.3078
2763,4,1997,10,7.4253
2764,4,1998,10,8.5
2765,4,1999,10,6.2167
2766,4,2000,10,11.0833
2767,4,2001,10,19.875
2768,4,2002,10,21.8701
2769,4,2003,10,20.5629
2770,4,2004,10,28.5
2771,4,2005,10,45.582
2772,4,2006,10,35.2447
2773,4,2007,10,39.12
2774,4,2008,10,70.33
2775,4,2009,10,79.63
2776,4,2010,10,68.96
2777,4,2011,10,84.86
2778,4,2012,10,114.34
2779,4,2013,10,115
2780,4,2014,10,164.37
2781,4,2015,10,175.08
2782,4,2016,10,174.65
2783,4,2017,10,231.07
2784,4,1970,11,0.0018
2785,4,1971,11,0.0016
2786,4,1972,11,0.0022
2787,4,1973,11,0.0029
2788,4,1974,11,0.003
2789,4,1975,11,0.0034
2790,4,1976,11,0.0094
2791,4,1977,11,0.0162
2792,4,1978,11,0.0186
2793,4,1979,11,0.0245
2794,4,1980,11,0.0828
2795,4,1981,11,0.1271
2796,4,1982,11,0.1399
2797,4,1983,11,0.5725
2798,4,1984,11,0.3623
2799,4,1985,11,0.3295
2800,4,1986,11,0.3723
2801,4,1987,11,0.6868
2802,4,1988,11,0.9874
2803,4,1989,11,0.9384
2804,4,1990,11,1.3336
2805,4,1991,11,1.3023
2806,4,1992,11,1.6327
2807,4,1993,11,1.623
2808,4,1994,11,2.0389
2809,4,1995,11,3.3424
2810,4,1996,11,5.6585
2811,4,1997,11,7.7223
2812,4,1998,11,8.68
2813,4,1999,11,6.0632
2814,4,2000,11,14
2815,4,2001,11,26.25
2816,4,2002,11,22.0545
2817,4,2003,11,19.6956
2818,4,2004,11,29.3
2819,4,2005,11,46.348
2820,4,2006,11,34.264
2821,4,2007,11,41.16
2822,4,2008,11,70.44
2823,4,2009,11,71.62
2824,4,2010,11,70.16
2825,4,2011,11,86.43
2826,4,2012,11,114.45
2827,4,2013,11,122.6
2828,4,2014,11,165.61
2829,4,2015,11,180.91
2830,4,2016,11,180.3
2831,4,2017,11,221.05
2832,4,1970,12,0.0016
2833,4,1971,12,0.0015
2834,4,1972,12,0.0022
2835,4,1973,12,0.0028
2836,4,1974,12,0.0029
2837,4,1975,12,0.0032
2838,4,1976,12,0.0101
2839,4,1977,12,0.018
2840,4,1978,12,0.0193
2841,4,1979,12,0.0245
2842,4,1980,12,0.0535
2843,4,1981,12,0.0822
2844,4,1982,12,0.1803
2845,4,1983,12,0.41
2846,4,1984,12,0.2324
2847,4,1985,12,0.2939
2848,4,1986,12,0.3723
2849,4,1987,12,0.6639
2850,4,1988,12,0.7902
2851,4,1989,12,0.8025
2852,4,1990,12,1.3792
2853,4,1991,12,1.1732
2854,4,1992,12,1.5526
2855,4,1993,12,3.1566
2856,4,1994,12,2.0385
2857,4,1995,12,3.2867
2858,4,1996,12,5.4817
2859,4,1997,12,8.4173
2860,4,1998,12,9.12
2861,4,1999,12,6.1946
2862,4,2000,12,17
2863,4,2001,12,26
2864,4,2002,12,20.7815
2865,4,2003,12,19.2275
2866,4,2004,12,31.6
2867,4,2005,12,40.113
2868,4,2006,12,37.1561
2869,4,2007,12,39.92
2870,4,2008,12,66.54
2871,4,2009,12,70.68
2872,4,2010,12,71.54
2873,4,2011,12,87.21
2874,4,2012,12,122.3
2875,4,2013,12,136.5
2876,4,2014,12,166.19
2877,4,2015,12,178.71
2878,4,2016,12,174.06
2879,4,2017,12,228.53
2880,5,1970,1,0.0032
2881,5,1971,1,0.0037
2882,5,1972,1,0.0038
2883,5,1973,1,0.0045
2884,5,1974,1,0.0068
2885,5,1975,1,0.0083
2886,5,1976,1,0.0123
2887,5,1977,1,0.028
2888,5,1978,1,0.0388
2889,5,1979,1,0.032
2890,5,1980,1,0.0693
2891,5,1981,1,0.1072
2892,5,1982,1,0.1923
2893,5,1983,1,0.3171
2894,5,1984,1,0.1205
2895,5,1985,1,0.6713
2896,5,1986,1,0.6873
2897,5,1987,1,0.6917
2898,5,1988,1,1.6568
2899,5,1989,1,1.9201
2900,5,1990,1,2.2347
2901,5,1991,1,3.0079
2902,5,1992,1,2.3458
2903,5,1993,1,3.1387
2904,5,1994,1,3.9947
2905,5,1995,1,6.2848
2906,5,1996,1,8.5925
2907,5,1997,1,10.4233
2908,5,1998,1,13.5954
2909,5,1999,1,17.1662
2910,5,2000,1,14.9471
2911,5,2001,1,25.3173
2912,5,2002,1,35.9778
2913,5,2003,1,44.1266
2914,5,2004,1,49.3146
2915,5,2005,1,52.561
2916,5,2006,1,60.863
2917,5,2007,1,63.03
2918,5,2008,1,84.27
2919,5,2009,1,108.8
2920,5,2010,1,130.19
2921,5,2011,1,154.22
2922,5,2012,1,185.25
2923,5,2013,1,245.7
2924,5,2014,1,231.59
2925,5,2015,1,256.87
2926,5,2016,1,375.13
2927,5,2017,1,473.95
2928,5,1970,2,0.0031
2929,5,1971,2,0.0039
2930,5,1972,2,0.0044
2931,5,1973,2,0.0053
2932,5,1974,2,0.007
2933,5,1975,2,0.0088
2934,5,1976,2,0.0106
2935,5,1977,2,0.02
2936,5,1978,2,0.0416
2937,5,1979,2,0.0541
2938,5,1980,2,0.0689
2939,5,1981,2,0.1187
2940,5,1982,2,0.1266
2941,5,1983,2,0.392
2942,5,1984,2,1.0092
2943,5,1985,2,0.5889
2944,5,1986,2,0.6758
2945,5,1987,2,1.0221
2946,5,1988,2,1.6591
2947,5,1989,2,2.1409
2948,5,1990,2,2.4844
2949,5,1991,2,3.1432
2950,5,1992,2,2.4107
2951,5,1993,2,3.5129
2952,5,1994,2,4.6182
2953,5,1995,2,6.7097
2954,5,1996,2,9.1551
2955,5,1997,2,11.3571
2956,5,1998,2,18.1212
2957,5,1999,2,19.0487
2958,5,2000,2,15.3279
2959,5,2001,2,27.8776
2960,5,2002,2,40.1551
2961,5,2003,2,47.1985
2962,5,2004,2,47.7016
2963,5,2005,2,54.16
2964,5,2006,2,65.55
2965,5,2007,2,66.91
2966,5,2008,2,90.72
2967,5,2009,2,115.5
2968,5,2010,2,139.96
2969,5,2011,2,150.1
2970,5,2012,2,195.75
2971,5,2013,2,251.8
2972,5,2014,2,240.31
2973,5,2015,2,259.37
2974,5,2016,2,382.98
2975,5,2017,2,476.47
2976,5,1970,3,0.0035
2977,5,1971,3,0.004
2978,5,1972,3,0.0045
2979,5,1973,3,0.0057
2980,5,1974,3,0.0075
2981,5,1975,3,0.009
2982,5,1976,3,0.0122
2983,5,1977,3,0.0165
2984,5,1978,3,0.0414
2985,5,1979,3,0.0727
2986,5,1980,3,0.078
2987,5,1981,3,0.1406
2988,5,1982,3,0.1379
2989,5,1983,3,0.4934
2990,5,1984,3,1.0384
2991,5,1985,3,0.7955
2992,5,1986,3,0.872
2993,5,1987,3,1.3245
2994,5,1988,3,1.9582
2995,5,1989,3,2.3555
2996,5,1990,3,2.3851
2997,5,1991,3,3.1835
2998,5,1992,3,2.5869
2999,5,1993,3,3.8287
3000,5,1994,3,5.1978
3001,5,1995,3,7.122
3002,5,1996,3,9.2049
3003,5,1997,3,12.7028
3004,5,1998,3,15.8804
3005,5,1999,3,19.0244
3006,5,2000,3,17.1739
3007,5,2001,3,28.4196
3008,5,2002,3,39.8746
3009,5,2003,3,49.3975
3010,5,2004,3,47.6452
3011,5,2005,3,61.618
3012,5,2006,3,64.8
3013,5,2007,3,71.75
3014,5,2008,3,96.81
3015,5,2009,3,109.32
3016,5,2010,3,142.42
3017,5,2011,3,160.43
3018,5,2012,3,203.77
3019,5,2013,3,250
3020,5,2014,3,252.87
3021,5,2015,3,277.06
3022,5,2016,3,423.63
3023,5,2017,3,528.26
3024,5,1970,4,0.0037
3025,5,1971,4,0.0034
3026,5,1972,4,0.0051
3027,5,1973,4,0.006
3028,5,1974,4,0.0077
3029,5,1975,4,0.0089
3030,5,1976,4,0.0138
3031,5,1977,4,0.0295
3032,5,1978,4,0.0502
3033,5,1979,4,0.0653
3034,5,1980,4,0.0894
3035,5,1981,4,0.1562
3036,5,1982,4,0.1779
3037,5,1983,4,0.6518
3038,5,1984,4,0.9408
3039,5,1985,4,1.0185
3040,5,1986,4,0.8704
3041,5,1987,4,1.0486
3042,5,1988,4,2.2441
3043,5,1989,4,2.6179
3044,5,1990,4,3.0331
3045,5,1991,4,3.4923
3046,5,1992,4,3.1808
3047,5,1993,4,4.5055
3048,5,1994,4,5.9057
3049,5,1995,4,8.8462
3050,5,1996,4,10.0461
3051,5,1997,4,15.3994
3052,5,1998,4,16.8611
3053,5,1999,4,20.6363
3054,5,2000,4,20.353
3055,5,2001,4,32.7745
3056,5,2002,4,44.1892
3057,5,2003,4,49.3084
3058,5,2004,4,56.3877
3059,5,2005,4,73.5255
3060,5,2006,4,72.847
3061,5,2007,4,83.09
3062,5,2008,4,113.13
3063,5,2009,4,123.93
3064,5,2010,4,153.88
3065,5,2011,4,173.61
3066,5,2012,4,208.18
3067,5,2013,4,270.32
3068,5,2014,4,263.83
3069,5,2015,4,287.39
3070,5,2016,4,473.1
3071,5,2017,4,561.18
3072,5,1970,5,0.004
3073,5,1971,5,0.0051
3074,5,1972,5,0.0061
3075,5,1973,5,0.0067
3076,5,1974,5,0.0081
3077,5,1975,5,0.0106
3078,5,1976,5,0.0136
3079,5,1977,5,0.0291
3080,5,1978,5,0.059
3081,5,1979,5,0.083
3082,5,1980,5,0.0875
3083,5,1981,5,0.1668
3084,5,1982,5,0.2586
3085,5,1983,5,0.6448
3086,5,1984,5,0.9967
3087,5,1985,5,0.7202
3088,5,1986,5,0.885
3089,5,1987,5,1.1953
3090,5,1988,5,2.5795
3091,5,1989,5,2.8802
3092,5,1990,5,3.7781
3093,5,1991,5,3.7553
3094,5,1992,5,3.5234
3095,5,1993,5,5.0629
3096,5,1994,5,6.203
3097,5,1995,5,10.8973
3098,5,1996,5,11.7041
3099,5,1997,5,17.3003
3100,5,1998,5,20.8156
3101,5,1999,5,21.8177
3102,5,2000,5,21.8481
3103,5,2001,5,42.4474
3104,5,2002,5,49.7867
3105,5,2003,5,53.0184
3106,5,2004,5,62.4502
3107,5,2005,5,77.123
3108,5,2006,5,80.745
3109,5,2007,5,97.46
3110,5,2008,5,124.89
3111,5,2009,5,130.9
3112,5,2010,5,167.71
3113,5,2011,5,190.91
3114,5,2012,5,246.16
3115,5,2013,5,297.4
3116,5,2014,5,295.13
3117,5,2015,5,345.26
3118,5,2016,5,524.89
3119,5,2017,5,551.12
3120,5,1970,6,0.0039
3121,5,1971,6,0.0054
3122,5,1972,6,0.0065
3123,5,1973,6,0.0067
3124,5,1974,6,0.009
3125,5,1975,6,0.0099
3126,5,1976,6,0.0164
3127,5,1977,6,0.0443
3128,5,1978,6,0.0688
3129,5,1979,6,0.0773
3130,5,1980,6,0.1145
3131,5,1981,6,0.23
3132,5,1982,6,0.2426
3133,5,1983,6,0.7279
3134,5,1984,6,0.9285
3135,5,1985,6,0.6454
3136,5,1986,6,0.9964
3137,5,1987,6,1.2219
3138,5,1988,6,2.701
3139,5,1989,6,3.2042
3140,5,1990,6,3.7661
3141,5,1991,6,4.3023
3142,5,1992,6,3.9924
3143,5,1993,6,6.0577
3144,5,1994,6,7.1049
3145,5,1995,6,12.3594
3146,5,1996,6,13.3537
3147,5,1997,6,20.114
3148,5,1998,6,42
3149,5,1999,6,19.9202
3150,5,2000,6,22.8998
3151,5,2001,6,49.9912
3152,5,2002,6,56.6357
3153,5,2003,6,64.7137
3154,5,2004,6,68.987
3155,5,2005,6,92.055
3156,5,2006,6,88.42
3157,5,2007,6,113.92
3158,5,2008,6,131.54
3159,5,2009,6,135.03
3160,5,2010,6,194.79
3161,5,2011,6,194.23
3162,5,2012,6,280.46
3163,5,2013,6,282.81
3164,5,2014,6,344.45
3165,5,2015,6,378.35
3166,5,2016,6,507
3167,5,2017,6,637.65
3168,5,1970,7,0.0036
3169,5,1971,7,0.0039
3170,5,1972,7,0.0041
3171,5,1973,7,0.0055
3172,5,1974,7,0.007
3173,5,1975,7,0.0093
3174,5,1976,7,0.0168
3175,5,1977,7,0.044
3176,5,1978,7,0.0565
3177,5,1979,7,0.0576
3178,5,1980,7,0.1035
3179,5,1981,7,0.2414
3180,5,1982,7,0.3056
3181,5,1983,7,1.0752
3182,5,1984,7,0.7188
3183,5,1985,7,0.884
3184,5,1986,7,1.0172
3185,5,1987,7,1.176
3186,5,1988,7,2.161
3187,5,1989,7,3.1102
3188,5,1990,7,4.489
3189,5,1991,7,3.3372
3190,5,1992,7,4.2369
3191,5,1993,7,5.4566
3192,5,1994,7,6.3907
3193,5,1995,7,12.8746
3194,5,1996,7,12.3145
3195,5,1997,7,16.6678
3196,5,1998,7,46
3197,5,1999,7,16.9851
3198,5,2000,7,25.2753
3199,5,2001,7,50.8701
3200,5,2002,7,53.0884
3201,5,2003,7,56.7211
3202,5,2004,7,65.2491
3203,5,2005,7,90.079
3204,5,2006,7,88.4145
3205,5,2007,7,113.78
3206,5,2008,7,129.53
3207,5,2009,7,121.35
3208,5,2010,7,196.37
3209,5,2011,7,202.1
3210,5,2012,7,258.3
3211,5,2013,7,265.8
3212,5,2014,7,322.36
3213,5,2015,7,376.93
3214,5,2016,7,507.53
3215,5,2017,7,589.93
3216,5,1970,8,0.0037
3217,5,1971,8,0.0034
3218,5,1972,8,0.0035
3219,5,1973,8,0.0047
3220,5,1974,8,0.0057
3221,5,1975,8,0.0071
3222,5,1976,8,0.0144
3223,5,1977,8,0.0303
3224,5,1978,8,0.0418
3225,5,1979,8,0.0481
3226,5,1980,8,0.1155
3227,5,1981,8,0.1393
3228,5,1982,8,0.2442
3229,5,1983,8,0.7195
3230,5,1984,8,0.4622
3231,5,1985,8,0.574
3232,5,1986,8,0.9526
3233,5,1987,8,1.1071
3234,5,1988,8,1.8885
3235,5,1989,8,2.4946
3236,5,1990,8,3.984
3237,5,1991,8,2.6982
3238,5,1992,8,2.8831
3239,5,1993,8,3.7417
3240,5,1994,8,5.863
3241,5,1995,8,7.255
3242,5,1996,8,8.7488
3243,5,1997,8,15.7226
3244,5,1998,8,38.62
3245,5,1999,8,14.7612
3246,5,2000,8,33.335
3247,5,2001,8,63.3
3248,5,2002,8,41.4691
3249,5,2003,8,42.2163
3250,5,2004,8,67.8046
3251,5,2005,8,61.579
3252,5,2006,8,70.075
3253,5,2007,8,80.91
3254,5,2008,8,94.41
3255,5,2009,8,112.04
3256,5,2010,8,140.13
3257,5,2011,8,156.6
3258,5,2012,8,203.1
3259,5,2013,8,216.6
3260,5,2014,8,285.3
3261,5,2015,8,368.4
3262,5,2016,8,422.7
3263,5,2017,8,524.45
3264,5,1970,9,0.0031
3265,5,1971,9,0.003
3266,5,1972,9,0.0031
3267,5,1973,9,0.0043
3268,5,1974,9,0.0053
3269,5,1975,9,0.0073
3270,5,1976,9,0.0139
3271,5,1977,9,0.0245
3272,5,1978,9,0.0351
3273,5,1979,9,0.0407
3274,5,1980,9,0.1139
3275,5,1981,9,0.1287
3276,5,1982,9,0.2075
3277,5,1983,9,0.7371
3278,5,1984,9,0.5101
3279,5,1985,9,0.5551
3280,5,1986,9,0.8824
3281,5,1987,9,1.0751
3282,5,1988,9,1.683
3283,5,1989,9,1.861
3284,5,1990,9,2.302
3285,5,1991,9,2.1079
3286,5,1992,9,2.1722
3287,5,1993,9,2.9652
3288,5,1994,9,4.623
3289,5,1995,9,5.7687
3290,5,1996,9,7.152
3291,5,1997,9,12.5781
3292,5,1998,9,21.05
3293,5,1999,9,13.0303
3294,5,2000,9,21.49671
3295,5,2001,9,33.1567
3296,5,2002,9,31.9212
3297,5,2003,9,37.036
3298,5,2004,9,41.8697
3299,5,2005,9,53.841
3300,5,2006,9,60.901
3301,5,2007,9,66.8
3302,5,2008,9,80.7
3303,5,2009,9,112.4
3304,5,2010,9,115.82
3305,5,2011,9,132.91
3306,5,2012,9,185.46
3307,5,2013,9,183.9
3308,5,2014,9,239.67
3309,5,2015,9,301.04
3310,5,2016,9,383.06
3311,5,2017,9,482.71
3312,5,1970,10,0.003
3313,5,1971,10,0.003
3314,5,1972,10,0.0035
3315,5,1973,10,0.0042
3316,5,1974,10,0.0056
3317,5,1975,10,0.0157
3318,5,1976,10,0.0116
3319,5,1977,10,0.0238
3320,5,1978,10,0.0348
3321,5,1979,10,0.0516
3322,5,1980,10,0.099
3323,5,1981,10,0.1408
3324,5,1982,10,0.2131
3325,5,1983,10,0.7142
3326,5,1984,10,0.4934
3327,5,1985,10,0.5762
3328,5,1986,10,0.8861
3329,5,1987,10,1.0949
3330,5,1988,10,1.3407
3331,5,1989,10,1.7437
3332,5,1990,10,2.1861
3333,5,1991,10,2.0647
3334,5,1992,10,2.1756
3335,5,1993,10,2.9871
3336,5,1994,10,4.24
3337,5,1995,10,6.0113
3338,5,1996,10,7.1711
3339,5,1997,10,12.5781
3340,5,1998,10,17
3341,5,1999,10,10.4263
3342,5,2000,10,19.8
3343,5,2001,10,24.9375
3344,5,2002,10,34.1612
3345,5,2003,10,34.2243
3346,5,2004,10,43.3
3347,5,2005,10,58.083
3348,5,2006,10,52.23
3349,5,2007,10,68.45
3350,5,2008,10,80.96
3351,5,2009,10,113.48
3352,5,2010,10,124.65
3353,5,2011,10,130.15
3354,5,2012,10,191.7
3355,5,2013,10,209.83
3356,5,2014,10,230.58
3357,5,2015,10,309.44
3358,5,2016,10,383.06
3359,5,2017,10,447.24
3360,5,1970,11,0.0033
3361,5,1971,11,0.0034
3362,5,1972,11,0.0041
3363,5,1973,11,0.0054
3364,5,1974,11,0.0066
3365,5,1975,11,0.0089
3366,5,1976,11,0.0118
3367,5,1977,11,0.0311
3368,5,1978,11,0.046
3369,5,1979,11,0.0559
3370,5,1980,11,0.1011
3371,5,1981,11,0.1392
3372,5,1982,11,0.2577
3373,5,1983,11,0.9716
3374,5,1984,11,0.6159
3375,5,1985,11,0.6327
3376,5,1986,11,0.9962
3377,5,1987,11,0.9968
3378,5,1988,11,1.5689
3379,5,1989,11,1.9883
3380,5,1990,11,2.5203
3381,5,1991,11,2.1632
3382,5,1992,11,2.4695
3383,5,1993,11,3.2805
3384,5,1994,11,4.8295
3385,5,1995,11,6.8489
3386,5,1996,11,9.7803
3387,5,1997,11,15.0937
3388,5,1998,11,18
3389,5,1999,11,13.166
3390,5,2000,11,22.81621
3391,5,2001,11,22.5563
3392,5,2002,11,36.4818
3393,5,2003,11,35.5483
3394,5,2004,11,46.4
3395,5,2005,11,64.56
3396,5,2006,11,54.5905
3397,5,2007,11,75.93
3398,5,2008,11,92
3399,5,2009,11,120.64
3400,5,2010,11,114.45
3401,5,2011,11,136.1
3402,5,2012,11,202
3403,5,2013,11,209.83
3404,5,2014,11,231.92
3405,5,2015,11,327.25
3406,5,2016,11,400.17
3407,5,2017,11,462.33
3408,5,1970,12,0.0035
3409,5,1971,12,0.0042
3410,5,1972,12,0.0044
3411,5,1973,12,0.0063
3412,5,1974,12,0.0073
3413,5,1975,12,0.0105
3414,5,1976,12,0.0182
3415,5,1977,12,0.0282
3416,5,1978,12,0.0518
3417,5,1979,12,0.0636
3418,5,1980,12,0.108
3419,5,1981,12,0.1448
3420,5,1982,12,0.2236
3421,5,1983,12,0.9788
3422,5,1984,12,0.518
3423,5,1985,12,0.5141
3424,5,1986,12,1.0928
3425,5,1987,12,0.9684
3426,5,1988,12,1.823
3427,5,1989,12,2.0032
3428,5,1990,12,2.9599
3429,5,1991,12,2.1074
3430,5,1992,12,2.907
3431,5,1993,12,3.5805
3432,5,1994,12,5.0018
3433,5,1995,12,7.6843
3434,5,1996,12,9.7611
3435,5,1997,12,10.5656
3436,5,1998,12,19.5
3437,5,1999,12,13.7382
3438,5,2000,12,23.068
3439,5,2001,12,27.3513
3440,5,2002,12,40.2639
3441,5,2003,12,42.7757
3442,5,2004,12,52.1
3443,5,2005,12,59.8314
3444,5,2006,12,62.5733
3445,5,2007,12,81.56
3446,5,2008,12,96.19
3447,5,2009,12,137.84
3448,5,2010,12,132.85
3449,5,2011,12,159.44
3450,5,2012,12,218.9
3451,5,2013,12,249.3
3452,5,2014,12,268
3453,5,2015,12,345.17
3454,5,2016,12,424.69
3455,5,2017,12,461.76
