,Unnamed: 0,Commodity,Year,Month,Price,Temperature (C),Rainfall - (MM)
0,21,6,1991,1,0.9003,27.671963,9.81577
1,22,6,1992,1,0.685,26.237384999999996,0.39923000000000003
2,23,6,1993,1,1.0532,26.123363,2.41567
3,24,6,1994,1,1.088,27.050466999999998,7.486510000000001
4,25,6,1995,1,2.012,26.719625,0.57606
5,26,6,1996,1,2.7419,27.654204999999997,5.59157
6,27,6,1997,1,2.847,27.807476,10.7236
7,28,6,1998,1,5.7261,27.398132,13.8716
8,29,6,1999,1,5.9544,27.395328999999997,20.4932
9,30,6,2000,1,5.6241,27.757009999999998,17.0462
10,31,6,2001,1,7.4797,26.609344,10.7102
11,32,6,2002,1,11.7104,26.980372999999997,5.44968
12,33,6,2003,1,11.8546,27.080374,13.626
13,34,6,2004,1,15.0006,27.484112,23.4025
14,35,6,2005,1,18.147,26.866353999999998,3.83863
15,36,6,2006,1,22.962,25.898132,4.49571
16,37,6,2007,1,25.42,25.846729999999997,0.0
17,38,6,2008,1,28.55,25.227102,3.00735
18,39,6,2009,1,34.07,26.85701,2.76618
19,40,6,2010,1,42.53,27.979091999999998,10.0246
20,41,6,2011,1,54,27.189999,8.57653
21,42,6,2012,1,61.74,27.215453999999998,15.4017
22,43,6,2013,1,91.74,27.3201,10.0686
23,44,6,2014,1,107.93,28.1109,21.7662
24,45,6,2015,1,131.18,26.7665,3.09064
25,46,6,2016,1,145.01,27.761,2.7889
26,69,6,1991,2,0.7772,29.777569,39.2072
27,70,6,1992,2,0.6573,29.483179999999997,8.0007
28,71,6,1993,2,0.9648,28.825235,25.5183
29,72,6,1994,2,1.1427,29.297195000000002,12.7003
30,73,6,1995,2,2.0379,29.120559999999998,10.0025
31,74,6,1996,2,2.5024,29.43925,39.9516
32,75,6,1997,2,3.0346,28.695328000000003,6.7532
33,76,6,1998,2,5.121,30.397196,26.7736
34,77,6,1999,2,5.7424,28.450466,46.4317
35,78,6,2000,2,5.7767,28.288784000000003,6.62022
36,79,6,2001,2,8.1111,28.865421,9.34186
37,80,6,2002,2,12.3583,28.396261,12.9127
38,81,6,2003,2,11.554,29.985981,31.1146
39,82,6,2004,2,14.2998,29.223364,28.0708
40,83,6,2005,2,17.145,30.519627000000003,28.1535
41,84,6,2006,2,21.869,29.58598,27.9413
42,85,6,2007,2,25.09,29.616821,18.3793
43,86,6,2008,2,27.75,28.320559999999997,15.0191
44,87,6,2009,2,34.16,29.829906,32.9806
45,88,6,2010,2,41.67,30.694546000000003,36.9286
46,89,6,2011,2,53.72,29.272726000000002,41.3832
47,90,6,2012,2,64.76,29.155453,41.471000000000004
48,91,6,2013,2,104.52,30.2378,4.7145
49,92,6,2014,2,102.39,29.4404,33.6465
50,93,6,2015,2,140.41,29.9821,65.1661
51,94,6,2016,2,166.03,30.1089,8.741480000000001
52,117,6,1991,3,0.7326,29.932713,67.8251
53,118,6,1992,3,0.6824,29.805607000000002,34.1668
54,119,6,1993,3,0.9352,29.000935,60.9336
55,120,6,1994,3,1.1504,29.994394,62.7771
56,121,6,1995,3,2.1968,29.781307,74.9596
57,122,6,1996,3,2.5134,30.105605999999998,46.1328
58,123,6,1997,3,3.1516,29.640186,76.0119
59,124,6,1998,3,5.3142,30.580374,21.8575
60,125,6,1999,3,5.0946,29.999065,54.6898
61,126,6,2000,3,6.0588,29.842990000000004,62.7771
62,127,6,2001,3,8.3137,29.888784,29.4703
63,128,6,2002,3,11.734,30.000935,59.7172
64,129,6,2003,3,12.3977,29.732712,59.8929
65,130,6,2004,3,14.3545,29.97757,52.2946
66,131,6,2005,3,17.833,30.21402,88.6312
67,132,6,2006,3,21.679,29.838318,60.4841
68,133,6,2007,3,20.66,30.139252000000003,48.8579
69,134,6,2008,3,26.96,29.402804999999997,94.939
70,135,6,2009,3,33.68,29.654204999999997,79.8821
71,136,6,2010,3,41.12,30.795456,40.9427
72,137,6,2011,3,51,30.258183000000002,42.5374
73,138,6,2012,3,61.87,30.212727,28.4668
74,139,6,2013,3,103.1,30.4833,71.0621
75,140,6,2014,3,107.77,29.8524,86.2064
76,141,6,2015,3,114.17,30.1337,77.9612
77,142,6,2016,3,164.33,30.5539,98.2459
78,165,6,1991,4,0.7351,28.731775,134.44
79,166,6,1992,4,0.7722,29.380375,96.9357
80,167,6,1993,4,1.1055,29.681309000000002,100.273
81,168,6,1994,4,1.2903,29.479440000000004,89.8862
82,169,6,1995,4,2.507,29.622429999999998,123.85799999999999
83,170,6,1996,4,2.2706,29.314020000000003,123.902
84,171,6,1997,4,3.2751,29.343923999999998,146.611
85,172,6,1998,4,6.6462,30.760748,114.59899999999999
86,173,6,1999,4,5.4132,29.292521999999998,135.692
87,174,6,2000,4,6.4141,29.552338,121.13600000000001
88,175,6,2001,4,9.0597,29.184113,150.366
89,176,6,2002,4,12.8061,29.415888,136.72299999999998
90,177,6,2003,4,12.4118,29.285046,131.22
91,178,6,2004,4,15.2298,29.293457,101.566
92,179,6,2005,4,20.18,29.931774,98.8488
93,180,6,2006,4,21.116,30.345795000000003,69.2547
94,181,6,2007,4,24.48,29.196262,164.23
95,182,6,2008,4,28.27,29.757009999999998,109.75200000000001
96,183,6,2009,4,34.78,29.290654999999997,121.469
97,184,6,2010,4,47.76,30.175455,106.167
98,185,6,2011,4,52.45,29.837275,73.8741
99,186,6,2012,4,57.3,29.179997999999998,118.934
100,187,6,2013,4,102.85,29.3399,124.54
101,188,6,2014,4,114.49,29.5376,108.13
102,189,6,2015,4,137.9,30.1087,55.3537
103,190,6,2016,4,215.65,30.4132,89.6267
104,213,6,1991,5,0.7374,27.571964,236.53400000000002
105,214,6,1992,5,0.7865,28.317759000000002,156.364
106,215,6,1993,5,1.1734,28.859814,104.572
107,216,6,1994,5,1.3833,28.185046999999997,166.27
108,217,6,1995,5,2.7826,28.667288,150.983
109,218,6,1996,5,2.3236,28.804671999999997,174.726
110,219,6,1997,5,3.7402,27.853271000000003,156.249
111,220,6,1998,5,6.8235,29.325235,145.636
112,221,6,1999,5,6.0416,28.519627000000003,108.84200000000001
113,222,6,2000,5,6.8286,28.846729999999997,136.874
114,223,6,2001,5,9.2581,28.255138,145.048
115,224,6,2002,5,12.5872,29.309345,139.352
116,225,6,2003,5,11.7651,28.697195,147.954
117,226,6,2004,5,16.689,28.10841,119.35799999999999
118,227,6,2005,5,20.797,28.482243,163.344
119,228,6,2006,5,32.43,28.100933,188.21599999999998
120,229,6,2007,5,26.25,28.817759000000002,133.431
121,230,6,2008,5,31.95,28.635513,159.322
122,231,6,2009,5,35.78,28.948598999999998,136.024
123,232,6,2010,5,46.52,29.044546,106.811
124,233,6,2011,5,57.79,28.669092,113.65100000000001
125,234,6,2012,5,73.97,27.912725,156.69299999999998
126,235,6,2013,5,105.1,28.3599,159.59799999999998
127,236,6,2014,5,113.8,28.6009,125.14399999999999
128,237,6,2015,5,140.4,29.4925,103.443
129,238,6,2016,5,248.78,29.0756,176.968
130,261,6,1991,6,0.7632,27.342056,131.095
131,262,6,1992,6,0.8717,26.3514,141.241
132,263,6,1993,6,1.2849,26.906544,173.91299999999998
133,264,6,1994,6,1.4979,26.829906,133.844
134,265,6,1995,6,3.2697,27.427103000000002,163.175
135,266,6,1996,6,2.5538,26.913082,198.273
136,267,6,1997,6,4.1771,26.359814,243.271
137,268,6,1998,6,5.692,27.469158,136.137
138,269,6,1999,6,4.4121,27.541121999999998,148.768
139,270,6,2000,6,8.1447,26.861683000000003,170.003
140,271,6,2001,6,10.8149,27.054205,157.41
141,272,6,2002,6,13.9286,27.295328,188.877
142,273,6,2003,6,13.4617,26.738317,198.445
143,274,6,2004,6,16.9767,26.671026,105.98
144,275,6,2005,6,22.193,27.038319,139.985
145,276,6,2006,6,23.43,27.592523999999997,144.379
146,277,6,2007,6,30.53,27.228037,138.233
147,278,6,2008,6,31.94,27.001866999999997,191.209
148,279,6,2009,6,40.81,27.464487,198.952
149,280,6,2010,6,48.61,27.632727000000003,178.032
150,281,6,2011,6,61.95,27.400909999999996,155.624
151,282,6,2012,6,80.8,26.708181,172.546
152,283,6,2013,6,118.64,27.166999999999998,115.90299999999999
153,284,6,2014,6,122.25,27.4984,174.044
154,285,6,2015,6,140.12,27.6998,127.096
155,286,6,2016,6,229.63,27.2666,144.115
156,309,6,1991,7,0.7753,25.789719,209.44400000000002
157,310,6,1992,7,0.972,25.337383,117.906
158,311,6,1993,7,1.4359,25.685979999999997,132.517
159,312,6,1994,7,1.657,25.704672,112.34
160,313,6,1995,7,3.2629,26.238317,143.741
161,314,6,1996,7,2.4604,26.02243,144.341
162,315,6,1997,7,4.4882,25.759815,108.884
163,316,6,1998,7,5.612,26.372898,94.5089
164,317,6,1999,7,5.2857,26.045795000000002,190.796
165,318,6,2000,7,8.2456,25.872898,128.15200000000002
166,319,6,2001,7,10.376,25.956076,108.241
167,320,6,2002,7,14.9529,26.365421,201.696
168,321,6,2003,7,12.8466,25.864487,115.06299999999999
169,322,6,2004,7,19.7575,25.783178,165.918
170,323,6,2005,7,22.659,25.895329,145.238
171,324,6,2006,7,23.426,26.511215000000004,116.995
172,325,6,2007,7,31.41,26.413082,172.90599999999998
173,326,6,2008,7,33.31,26.067287,193.373
174,327,6,2009,7,38.86,26.192524,210.99400000000003
175,328,6,2010,7,50.38,26.379093,130.247
176,329,6,2011,7,60.92,26.207272,191.979
177,330,6,2012,7,84.3,25.947271,146.564
178,331,6,2013,7,118.4,25.9972,115.045
179,332,6,2014,7,122.81,26.6209,130.66
180,333,6,2015,7,146.57,26.5791,97.5205
181,334,6,2016,7,244.35,26.3766,148.178
182,357,6,1991,8,0.7823,25.261682999999998,185.99400000000003
183,358,6,1992,8,1.0438,24.942989999999998,75.0326
184,359,6,1993,8,1.4267,25.502804,139.158
185,360,6,1994,8,1.8508,25.370092,123.712
186,361,6,1995,8,2.8804,25.802805,190.321
187,362,6,1996,8,2.4814,25.440186999999998,181.104
188,363,6,1997,8,4.7147,25.485046,95.4549
189,364,6,1998,8,6.308,25.60841,118.25
190,365,6,1999,8,5.3045,25.624298,172.893
191,366,6,2000,8,7.5485,25.614954,137.334
192,367,6,2001,8,12.5,25.492523000000002,125.867
193,368,6,2002,8,13.8132,25.62056,140.82
194,369,6,2003,8,13.8262,25.849532999999997,145.308
195,370,6,2004,8,20.688,25.701868,141.195
196,371,6,2005,8,23.097,25.481308,89.0579
197,372,6,2006,8,24.46,25.915888,111.973
198,373,6,2007,8,29.53,25.800933999999998,191.548
199,374,6,2008,8,32.35,25.741123,207.706
200,375,6,2009,8,35.85,25.828974,144.406
201,376,6,2010,8,49.35,26.120907,181.535
202,377,6,2011,8,58.39,25.783635999999998,124.551
203,378,6,2012,8,83.42,25.49909,134.357
204,379,6,2013,8,124.43,25.4634,98.8883
205,380,6,2014,8,125.35,25.8925,125.32600000000001
206,381,6,2015,8,148.3,26.0949,163.02
207,382,6,2016,8,215.61,26.1849,142.119
208,405,6,1991,9,0.7723,26.223364,117.20100000000001
209,406,6,1992,9,1.3686,25.662617,167.11599999999999
210,407,6,1993,9,1.4338,25.999064999999998,178.774
211,408,6,1994,9,1.7053,25.974766,181.956
212,409,6,1995,9,3.0428,26.341122,143.3
213,410,6,1996,9,2.393,25.645794,135.738
214,411,6,1997,9,5.284,26.567287,144.05700000000002
215,412,6,1998,9,6.44,26.167288,140.256
216,413,6,1999,9,5.5437,25.5757,194.171
217,414,6,2000,9,7.7574,26.177570000000003,156.439
218,415,6,2001,9,10.95,26.053272,183.96200000000002
219,416,6,2002,9,13.2775,26.103739,112.965
220,417,6,2003,9,13.4692,26.326168,167.399
221,418,6,2004,9,18.0179,26.171026,193.47799999999998
222,419,6,2005,9,23.08,26.469158,154.467
223,420,6,2006,9,21.9853,26.168224,189.702
224,421,6,2007,9,38.59,26.385046000000003,211.024
225,422,6,2008,9,34.53,26.289719,164.16400000000002
226,423,6,2009,9,39.98,26.299066999999997,135.972
227,424,6,2010,9,46.99,26.349090000000004,226.388
228,425,6,2011,9,57.6,26.341818,171.92700000000002
229,426,6,2012,9,82.44,26.038180999999998,168.81799999999998
230,427,6,2013,9,108.54,26.4055,154.129
231,428,6,2014,9,121.2,26.1498,201.516
232,429,6,2015,9,131.2,26.6828,105.311
233,430,6,2016,9,209.91,26.5365,216.71400000000003
234,453,6,1991,10,0.83,26.097195000000003,132.079
235,454,6,1992,10,0.9857,26.805607000000002,83.5156
236,455,6,1993,10,1.2397,27.327103,102.37700000000001
237,456,6,1994,10,1.6324,26.438318,190.15599999999998
238,457,6,1995,10,2.8506,27.003738000000002,117.98899999999999
239,458,6,1996,10,2.5576,26.628035999999998,108.93799999999999
240,459,6,1997,10,5.6865,27.46542,145.064
241,460,6,1998,10,6.68,27.237384999999996,134.673
242,461,6,1999,10,5.6049,26.329906,154.596
243,462,6,2000,10,7.3187,27.024297999999998,92.6872
244,463,6,2001,10,10.0125,27.384113,65.917
245,464,6,2002,10,12.9024,26.771027,163.58
246,465,6,2003,10,13.4518,27.617758000000002,149.68
247,466,6,2004,10,16.6,27.528972999999997,140.125
248,467,6,2005,10,21.456,27.382241999999998,144.204
249,468,6,2006,10,22.78,27.368225,167.493
250,469,6,2007,10,29.99,27.270091999999998,140.278
251,470,6,2008,10,39.14,27.178503000000003,118.552
252,471,6,2009,10,40.3,26.960749,118.936
253,472,6,2010,10,48.51,26.943638,187.303
254,473,6,2011,10,52.33,27.339090000000002,185.43599999999998
255,474,6,2012,10,84.4,26.902728999999997,114.99600000000001
256,475,6,2013,10,106.7,27.1306,125.53299999999999
257,476,6,2014,10,124.86,27.4078,108.44
258,477,6,2015,10,125.27,27.5572,151.49200000000002
259,478,6,2016,10,210.83,27.8165,86.545
260,501,6,1991,11,0.7163,27.121496,15.6202
261,502,6,1992,11,1.0544,26.52243,42.7371
262,503,6,1993,11,1.2688,28.007477,47.5743
263,504,6,1994,11,2.4411,27.347662,32.1407
264,505,6,1995,11,2.6799,27.368225,30.475
265,506,6,1996,11,2.8125,27.111216,17.6172
266,507,6,1997,11,4.7871,27.78598,40.1708
267,508,6,1998,11,6.375,28.025234,28.185
268,509,6,1999,11,5.9009,27.538319,56.9906
269,510,6,2000,11,7.3794,27.753271,20.6872
270,511,6,2001,11,10.1167,28.013083,27.7815
271,512,6,2002,11,12.3761,27.270091999999998,27.1243
272,513,6,2003,11,13.8904,27.838318,56.7256
273,514,6,2004,11,16.8,28.033646,42.6374
274,515,6,2005,11,19.426,28.07757,38.5646
275,516,6,2006,11,23.1985,26.820559999999997,21.9969
276,517,6,2007,11,28.79,27.572896999999998,60.7533
277,518,6,2008,11,36.43,27.081308,44.3582
278,519,6,2009,11,40.55,27.074764000000002,25.8438
279,520,6,2010,11,48.41,27.423634999999997,52.9478
280,521,6,2011,11,54.6,27.509090000000004,17.1705
281,522,6,2012,11,86.7,27.85091,52.1322
282,523,6,2013,11,89.44,28.0064,74.9837
283,524,6,2014,11,146.93,27.9465,66.9832
284,525,6,2015,11,156.74,28.0464,39.3979
285,526,6,2016,11,194.02,28.5242,43.3372
286,549,6,1991,12,0.6936,26.302805,5.92138
287,550,6,1992,12,1.0603,26.570093,11.445
288,551,6,1993,12,1.1483,26.881308,12.1858
289,552,6,1994,12,2.3815,26.170094,2.29906
290,553,6,1995,12,2.4923,27.258877000000002,19.5424
291,554,6,1996,12,2.7505,26.81215,15.7494
292,555,6,1997,12,5.5798,27.240184999999997,19.2402
293,556,6,1998,12,6.3888,27.184113,15.0283
294,557,6,1999,12,6.323,26.793457,3.96268
295,558,6,2000,12,7.1814,26.858877000000003,3.4771099999999997
296,559,6,2001,12,11.0063,26.861683000000003,6.21769
297,560,6,2002,12,12.343,26.659815000000002,2.84725
298,561,6,2003,12,13.4343,26.91215,12.2762
299,562,6,2004,12,17.9,27.909344,12.8162
300,563,6,2005,12,23.2518,27.718693,15.0337
301,564,6,2006,12,23.6766,26.76916,4.28391
302,565,6,2007,12,29.54,26.646728999999997,16.2232
303,566,6,2008,12,37.04,27.042057,25.2491
304,567,6,2009,12,40.12,26.785046,17.9998
305,568,6,2010,12,57.57,26.7,16.4916
306,569,6,2011,12,55.72,26.666363,3.35816
307,570,6,2012,12,87.5,26.496363,54.4409
308,571,6,2013,12,114.24,26.7947,15.8706
309,572,6,2014,12,125.05,27.0925,5.76585
310,573,6,2015,12,148.98,26.4993,1.57749
311,574,6,2016,12,182.85,28.0134,20.8897
0,597,3,1991,1,1.8,27.671963,9.81577
1,598,3,1992,1,1.956,26.237384999999996,0.39923000000000003
2,599,3,1993,1,2.5,26.123363,2.41567
3,600,3,1994,1,2.75,27.050466999999998,7.486510000000001
4,601,3,1995,1,4.75,26.719625,0.57606
5,602,3,1996,1,6.79,27.654204999999997,5.59157
6,603,3,1997,1,9.42,27.807476,10.7236
7,604,3,1998,1,9.75,27.398132,13.8716
8,605,3,1999,1,11.345,27.395328999999997,20.4932
9,606,3,2000,1,11.95,27.757009999999998,17.0462
10,607,3,2001,1,24.625,26.609344,10.7102
11,608,3,2002,1,25.52,26.980372999999997,5.44968
12,609,3,2003,1,30.9704,27.080374,13.626
13,610,3,2004,1,36.032,27.484112,23.4025
14,611,3,2005,1,45.891,26.866353999999998,3.83863
15,612,3,2006,1,51.468,25.898132,4.49571
16,613,3,2007,1,54.34,25.846729999999997,0.0
17,614,3,2008,1,62,25.227102,3.00735
18,615,3,2009,1,102.16,26.85701,2.76618
19,616,3,2010,1,102.63,27.979091999999998,10.0246
20,617,3,2011,1,105.66,27.189999,8.57653
21,618,3,2012,1,130.67,27.215453999999998,15.4017
22,619,3,2013,1,157.2,27.3201,10.0686
23,620,3,2014,1,166.59,28.1109,21.7662
24,621,3,2015,1,274.64,26.7665,3.09064
25,622,3,2016,1,411.9,27.761,2.7889
26,645,3,1991,2,1.8285,29.777569,39.2072
27,646,3,1992,2,1.9591,29.483179999999997,8.0007
28,647,3,1993,2,2.5101,28.825235,25.5183
29,648,3,1994,2,2.8117,29.297195000000002,12.7003
30,649,3,1995,2,4.85,29.120559999999998,10.0025
31,650,3,1996,2,6.8346,29.43925,39.9516
32,651,3,1997,2,9.3977,28.695328000000003,6.7532
33,652,3,1998,2,9.84,30.397196,26.7736
34,653,3,1999,2,11.3954,28.450466,46.4317
35,654,3,2000,2,12.0294,28.288784000000003,6.62022
36,655,3,2001,2,27.0693,28.865421,9.34186
37,656,3,2002,2,25.6,28.396261,12.9127
38,657,3,2003,2,31.5824,29.985981,31.1146
39,658,3,2004,2,35.7571,29.223364,28.0708
40,659,3,2005,2,48.1576,30.519627000000003,28.1535
41,660,3,2006,2,53.97,29.58598,27.9413
42,661,3,2007,2,54.61,29.616821,18.3793
43,662,3,2008,2,66.58,28.320559999999997,15.0191
44,663,3,2009,2,95.13,29.829906,32.9806
45,664,3,2010,2,100.54,30.694546000000003,36.9286
46,665,3,2011,2,105.89,29.272726000000002,41.3832
47,666,3,2012,2,133.29,29.155453,41.471000000000004
48,667,3,2013,2,161.82,30.2378,4.7145
49,668,3,2014,2,170.67,29.4404,33.6465
50,669,3,2015,2,259.37,29.9821,65.1661
51,670,3,2016,2,405.06,30.1089,8.741480000000001
52,693,3,1991,3,1.9848,29.932713,67.8251
53,694,3,1992,3,2.0081,29.805607000000002,34.1668
54,695,3,1993,3,2.5542,29.000935,60.9336
55,696,3,1994,3,2.9016,29.994394,62.7771
56,697,3,1995,3,5.1132,29.781307,74.9596
57,698,3,1996,3,6.8471,30.105605999999998,46.1328
58,699,3,1997,3,9.8009,29.640186,76.0119
59,700,3,1998,3,13.2851,30.580374,21.8575
60,701,3,1999,3,10.8809,29.999065,54.6898
61,702,3,2000,3,12.1851,29.842990000000004,62.7771
62,703,3,2001,3,28.9712,29.888784,29.4703
63,704,3,2002,3,27.11,30.000935,59.7172
64,705,3,2003,3,28.8786,29.732712,59.8929
65,706,3,2004,3,38.6303,29.97757,52.2946
66,707,3,2005,3,51.5385,30.21402,88.6312
67,708,3,2006,3,51.9,29.838318,60.4841
68,709,3,2007,3,54.06,30.139252000000003,48.8579
69,710,3,2008,3,65.14,29.402804999999997,94.939
70,711,3,2009,3,101.19,29.654204999999997,79.8821
71,712,3,2010,3,108.23,30.795456,40.9427
72,713,3,2011,3,108.32,30.258183000000002,42.5374
73,714,3,2012,3,130.26,30.212727,28.4668
74,715,3,2013,3,165,30.4833,71.0621
75,716,3,2014,3,193.03,29.8524,86.2064
76,717,3,2015,3,249.27,30.1337,77.9612
77,718,3,2016,3,409.64,30.5539,98.2459
78,741,3,1991,4,1.8078,28.731775,134.44
79,742,3,1992,4,2.073,29.380375,96.9357
80,743,3,1993,4,2.6243,29.681309000000002,100.273
81,744,3,1994,4,3.0727,29.479440000000004,89.8862
82,745,3,1995,4,5.1627,29.622429999999998,123.85799999999999
83,746,3,1996,4,7.095,29.314020000000003,123.902
84,747,3,1997,4,9.7569,29.343923999999998,146.611
85,748,3,1998,4,12.925,30.760748,114.59899999999999
86,749,3,1999,4,11.316,29.292521999999998,135.692
87,750,3,2000,4,13.5264,29.552338,121.13600000000001
88,751,3,2001,4,29.0739,29.184113,150.366
89,752,3,2002,4,27.66,29.415888,136.72299999999998
90,753,3,2003,4,29.5967,29.285046,131.22
91,754,3,2004,4,39.0075,29.293457,101.566
92,755,3,2005,4,49.77,29.931774,98.8488
93,756,3,2006,4,56.779,30.345795000000003,69.2547
94,757,3,2007,4,54.59,29.196262,164.23
95,758,3,2008,4,74.23,29.757009999999998,109.75200000000001
96,759,3,2009,4,102.23,29.290654999999997,121.469
97,760,3,2010,4,110.58,30.175455,106.167
98,761,3,2011,4,112.12,29.837275,73.8741
99,762,3,2012,4,143.69,29.179997999999998,118.934
100,763,3,2013,4,160.43,29.3399,124.54
101,764,3,2014,4,196.48,29.5376,108.13
102,765,3,2015,4,275.08,30.1087,55.3537
103,766,3,2016,4,409.64,30.4132,89.6267
104,789,3,1991,5,2.013,27.571964,236.53400000000002
105,790,3,1992,5,2.1483,28.317759000000002,156.364
106,791,3,1993,5,2.6911,28.859814,104.572
107,792,3,1994,5,3.1848,28.185046999999997,166.27
108,793,3,1995,5,5.3736,28.667288,150.983
109,794,3,1996,5,7.2555,28.804671999999997,174.726
110,795,3,1997,5,10.0179,27.853271000000003,156.249
111,796,3,1998,5,12.2716,29.325235,145.636
112,797,3,1999,5,11.5756,28.519627000000003,108.84200000000001
113,798,3,2000,5,14.3808,28.846729999999997,136.874
114,799,3,2001,5,28.9863,28.255138,145.048
115,800,3,2002,5,28.9303,29.309345,139.352
116,801,3,2003,5,30.06,28.697195,147.954
117,802,3,2004,5,42.2576,28.10841,119.35799999999999
118,803,3,2005,5,54.021,28.482243,163.344
119,804,3,2006,5,57.766,28.100933,188.21599999999998
120,805,3,2007,5,60.37,28.817759000000002,133.431
121,806,3,2008,5,85.72,28.635513,159.322
122,807,3,2009,5,102.55,28.948598999999998,136.024
123,808,3,2010,5,111.89,29.044546,106.811
124,809,3,2011,5,109.38,28.669092,113.65100000000001
125,810,3,2012,5,144.17,27.912725,156.69299999999998
126,811,3,2013,5,163.22,28.3599,159.59799999999998
127,812,3,2014,5,204.73,28.6009,125.14399999999999
128,813,3,2015,5,272.59,29.4925,103.443
129,814,3,2016,5,408.4,29.0756,176.968
130,837,3,1991,6,1.9706,27.342056,131.095
131,838,3,1992,6,2.1539,26.3514,141.241
132,839,3,1993,6,2.9381,26.906544,173.91299999999998
133,840,3,1994,6,3.3889,26.829906,133.844
134,841,3,1995,6,5.8822,27.427103000000002,163.175
135,842,3,1996,6,7.9879,26.913082,198.273
136,843,3,1997,6,10.4764,26.359814,243.271
137,844,3,1998,6,11.413,27.469158,136.137
138,845,3,1999,6,11.6696,27.541121999999998,148.768
139,846,3,2000,6,14.5873,26.861683000000003,170.003
140,847,3,2001,6,28.7002,27.054205,157.41
141,848,3,2002,6,28.1864,27.295328,188.877
142,849,3,2003,6,33.6304,26.738317,198.445
143,850,3,2004,6,44.4496,26.671026,105.98
144,851,3,2005,6,54.468,27.038319,139.985
145,852,3,2006,6,56.5,27.592523999999997,144.379
146,853,3,2007,6,59.73,27.228037,138.233
147,854,3,2008,6,89,27.001866999999997,191.209
148,855,3,2009,6,106.36,27.464487,198.952
149,856,3,2010,6,113.48,27.632727000000003,178.032
150,857,3,2011,6,121.51,27.400909999999996,155.624
151,858,3,2012,6,143.95,26.708181,172.546
152,859,3,2013,6,164.8,27.166999999999998,115.90299999999999
153,860,3,2014,6,199.3,27.4984,174.044
154,861,3,2015,6,277.61,27.6998,127.096
155,862,3,2016,6,426.94,27.2666,144.115
156,885,3,1991,7,2.0151,25.789719,209.44400000000002
157,886,3,1992,7,2.1253,25.337383,117.906
158,887,3,1993,7,2.9152,25.685979999999997,132.517
159,888,3,1994,7,3.6906,25.704672,112.34
160,889,3,1995,7,6.0809,26.238317,143.741
161,890,3,1996,7,8.1053,26.02243,144.341
162,891,3,1997,7,10.7655,25.759815,108.884
163,892,3,1998,7,10.44,26.372898,94.5089
164,893,3,1999,7,11.5643,26.045795000000002,190.796
165,894,3,2000,7,15.7087,25.872898,128.15200000000002
166,895,3,2001,7,29.1805,25.956076,108.241
167,896,3,2002,7,28.2035,26.365421,201.696
168,897,3,2003,7,34.8512,25.864487,115.06299999999999
169,898,3,2004,7,45.1228,25.783178,165.918
170,899,3,2005,7,54.736,25.895329,145.238
171,900,3,2006,7,57.4886,26.511215000000004,116.995
172,901,3,2007,7,58.08,26.413082,172.90599999999998
173,902,3,2008,7,100.67,26.067287,193.373
174,903,3,2009,7,106.17,26.192524,210.99400000000003
175,904,3,2010,7,106.02,26.379093,130.247
176,905,3,2011,7,123.59,26.207272,191.979
177,906,3,2012,7,152,25.947271,146.564
178,907,3,2013,7,179.4,25.9972,115.045
179,908,3,2014,7,215.2,26.6209,130.66
180,909,3,2015,7,278.44,26.5791,97.5205
181,910,3,2016,7,394.26,26.3766,148.178
182,933,3,1991,8,2.003,25.261682999999998,185.99400000000003
183,934,3,1992,8,2.1088,24.942989999999998,75.0326
184,935,3,1993,8,2.9663,25.502804,139.158
185,936,3,1994,8,3.7378,25.370092,123.712
186,937,3,1995,8,5.8581,25.802805,190.321
187,938,3,1996,8,8.8156,25.440186999999998,181.104
188,939,3,1997,8,10.55,25.485046,95.4549
189,940,3,1998,8,10.343,25.60841,118.25
190,941,3,1999,8,11.8218,25.624298,172.893
191,942,3,2000,8,16.1547,25.614954,137.334
192,943,3,2001,8,26,25.492523000000002,125.867
193,944,3,2002,8,27.1822,25.62056,140.82
194,945,3,2003,8,32.2132,25.849532999999997,145.308
195,946,3,2004,8,46.6572,25.701868,141.195
196,947,3,2005,8,56.328,25.481308,89.0579
197,948,3,2006,8,55.05,25.915888,111.973
198,949,3,2007,8,60.17,25.800933999999998,191.548
199,950,3,2008,8,101.56,25.741123,207.706
200,951,3,2009,8,103.86,25.828974,144.406
201,952,3,2010,8,107.54,26.120907,181.535
202,953,3,2011,8,127.34,25.783635999999998,124.551
203,954,3,2012,8,154,25.49909,134.357
204,955,3,2013,8,176.84,25.4634,98.8883
205,956,3,2014,8,236.9,25.8925,125.32600000000001
206,957,3,2015,8,255.18,26.0949,163.02
207,958,3,2016,8,421.08,26.1849,142.119
208,981,3,1991,9,1.9383,26.223364,117.20100000000001
209,982,3,1992,9,2.2727,25.662617,167.11599999999999
210,983,3,1993,9,2.8468,25.999064999999998,178.774
211,984,3,1994,9,3.8453,25.974766,181.956
212,985,3,1995,9,5.6986,26.341122,143.3
213,986,3,1996,9,9.2497,25.645794,135.738
214,987,3,1997,9,11.2004,26.567287,144.05700000000002
215,988,3,1998,9,10,26.167288,140.256
216,989,3,1999,9,11.7668,25.5757,194.171
217,990,3,2000,9,20.5526,26.177570000000003,156.439
218,991,3,2001,9,26.5567,26.053272,183.96200000000002
219,992,3,2002,9,26.7176,26.103739,112.965
220,993,3,2003,9,33.5101,26.326168,167.399
221,994,3,2004,9,47.8167,26.171026,193.47799999999998
222,995,3,2005,9,52.605,26.469158,154.467
223,996,3,2006,9,55.0875,26.168224,189.702
224,997,3,2007,9,60.84,26.385046000000003,211.024
225,998,3,2008,9,100.04,26.289719,164.16400000000002
226,999,3,2009,9,105.88,26.299066999999997,135.972
227,1000,3,2010,9,104.66,26.349090000000004,226.388
228,1001,3,2011,9,125.74,26.341818,171.92700000000002
229,1002,3,2012,9,155.5,26.038180999999998,168.81799999999998
230,1003,3,2013,9,155.74,26.4055,154.129
231,1004,3,2014,9,245.33,26.1498,201.516
232,1005,3,2015,9,282.88,26.6828,105.311
233,1006,3,2016,9,416.52,26.5365,216.71400000000003
234,1029,3,1991,10,1.9253,26.097195000000003,132.079
235,1030,3,1992,10,2.2694,26.805607000000002,83.5156
236,1031,3,1993,10,2.916,27.327103,102.37700000000001
237,1032,3,1994,10,3.9277,26.438318,190.15599999999998
238,1033,3,1995,10,5.9281,27.003738000000002,117.98899999999999
239,1034,3,1996,10,9.5148,26.628035999999998,108.93799999999999
240,1035,3,1997,10,11.5364,27.46542,145.064
241,1036,3,1998,10,10.2,27.237384999999996,134.673
242,1037,3,1999,10,12.0433,26.329906,154.596
243,1038,3,2000,10,18.75,27.024297999999998,92.6872
244,1039,3,2001,10,12.458,27.384113,65.917
245,1040,3,2002,10,29.0583,26.771027,163.58
246,1041,3,2003,10,33.7904,27.617758000000002,149.68
247,1042,3,2004,10,46.7,27.528972999999997,140.125
248,1043,3,2005,10,52.314,27.382241999999998,144.204
249,1044,3,2006,10,52.2,27.368225,167.493
250,1045,3,2007,10,58.02,27.270091999999998,140.278
251,1046,3,2008,10,101.64,27.178503000000003,118.552
252,1047,3,2009,10,110.8,26.960749,118.936
253,1048,3,2010,10,103.48,26.943638,187.303
254,1049,3,2011,10,130,27.339090000000002,185.43599999999998
255,1050,3,2012,10,154.8,26.902728999999997,114.99600000000001
256,1051,3,2013,10,159.8,27.1306,125.53299999999999
257,1052,3,2014,10,260,27.4078,108.44
258,1053,3,2015,10,272.65,27.5572,151.49200000000002
259,1054,3,2016,10,456.64,27.8165,86.545
260,1077,3,1991,11,1.8969,27.121496,15.6202
261,1078,3,1992,11,2.2502,26.52243,42.7371
262,1079,3,1993,11,2.7603,28.007477,47.5743
263,1080,3,1994,11,4.2261,27.347662,32.1407
264,1081,3,1995,11,5.9294,27.368225,30.475
265,1082,3,1996,11,9.4039,27.111216,17.6172
266,1083,3,1997,11,11.5364,27.78598,40.1708
267,1084,3,1998,11,10.8,28.025234,28.185
268,1085,3,1999,11,12.272,27.538319,56.9906
269,1086,3,2000,11,25.2435,27.753271,20.6872
270,1087,3,2001,11,21.6445,28.013083,27.7815
271,1088,3,2002,11,29.1246,27.270091999999998,27.1243
272,1089,3,2003,11,34.5991,27.838318,56.7256
273,1090,3,2004,11,44.3,28.033646,42.6374
274,1091,3,2005,11,55.9,28.07757,38.5646
275,1092,3,2006,11,54.2552,26.820559999999997,21.9969
276,1093,3,2007,11,62.04,27.572896999999998,60.7533
277,1094,3,2008,11,98.58,27.081308,44.3582
278,1095,3,2009,11,109.8,27.074764000000002,25.8438
279,1096,3,2010,11,106.7,27.423634999999997,52.9478
280,1097,3,2011,11,132.57,27.509090000000004,17.1705
281,1098,3,2012,11,155.4,27.85091,52.1322
282,1099,3,2013,11,171.3,28.0064,74.9837
283,1100,3,2014,11,262.48,27.9465,66.9832
284,1101,3,2015,11,230,28.0464,39.3979
285,1102,3,2016,11,450.5,28.5242,43.3372
286,1125,3,1991,12,1.8933,26.302805,5.92138
287,1126,3,1992,12,2.1435,26.570093,11.445
288,1127,3,1993,12,2.6974,26.881308,12.1858
289,1128,3,1994,12,4.658,26.170094,2.29906
290,1129,3,1995,12,5.9,27.258877000000002,19.5424
291,1130,3,1996,12,9.1986,26.81215,15.7494
292,1131,3,1997,12,11.5364,27.240184999999997,19.2402
293,1132,3,1998,12,10,27.184113,15.0283
294,1133,3,1999,12,11.4443,26.793457,3.96268
295,1134,3,2000,12,25.6625,26.858877000000003,3.4771099999999997
296,1135,3,2001,12,22.5417,26.861683000000003,6.21769
297,1136,3,2002,12,29.1855,26.659815000000002,2.84725
298,1137,3,2003,12,32.2214,26.91215,12.2762
299,1138,3,2004,12,42.8,27.909344,12.8162
300,1139,3,2005,12,53.3431,27.718693,15.0337
301,1140,3,2006,12,57.7725,26.76916,4.28391
302,1141,3,2007,12,61.61,26.646728999999997,16.2232
303,1142,3,2008,12,97.5,27.042057,25.2491
304,1143,3,2009,12,106.04,26.785046,17.9998
305,1144,3,2010,12,114.63,26.7,16.4916
306,1145,3,2011,12,135.61,26.666363,3.35816
307,1146,3,2012,12,154.95,26.496363,54.4409
308,1147,3,2013,12,163.3,26.7947,15.8706
309,1148,3,2014,12,276.23,27.0925,5.76585
310,1149,3,2015,12,250.29,26.4993,1.57749
311,1150,3,2016,12,501.06,28.0134,20.8897
0,1173,1,1991,1,1.0782,27.671963,9.81577
1,1174,1,1992,1,0.7801,26.237384999999996,0.39923000000000003
2,1175,1,1993,1,1.1351,26.123363,2.41567
3,1176,1,1994,1,1.089,27.050466999999998,7.486510000000001
4,1177,1,1995,1,2.0992,26.719625,0.57606
5,1178,1,1996,1,2.5505,27.654204999999997,5.59157
6,1179,1,1997,1,5.1967,27.807476,10.7236
7,1180,1,1998,1,7.1,27.398132,13.8716
8,1181,1,1999,1,4.5074,27.395328999999997,20.4932
9,1182,1,2000,1,5.614,27.757009999999998,17.0462
10,1183,1,2001,1,12.9032,26.609344,10.7102
11,1184,1,2002,1,14.4488,26.980372999999997,5.44968
12,1185,1,2003,1,13.9759,27.080374,13.626
13,1186,1,2004,1,18.1431,27.484112,23.4025
14,1187,1,2005,1,24.965,26.866353999999998,3.83863
15,1188,1,2006,1,28,25.898132,4.49571
16,1189,1,2007,1,22.76,25.846729999999997,0.0
17,1190,1,2008,1,32.57,25.227102,3.00735
18,1191,1,2009,1,51.24,26.85701,2.76618
19,1192,1,2010,1,48.76,27.979091999999998,10.0246
20,1193,1,2011,1,51.26,27.189999,8.57653
21,1194,1,2012,1,89.58,27.215453999999998,15.4017
22,1195,1,2013,1,74.8,27.3201,10.0686
23,1196,1,2014,1,83.3,28.1109,21.7662
24,1197,1,2015,1,118.57,26.7665,3.09064
25,1198,1,2016,1,152.33,27.761,2.7889
26,1221,1,1991,2,1.0856,29.777569,39.2072
27,1222,1,1992,2,0.8554,29.483179999999997,8.0007
28,1223,1,1993,2,1.1715,28.825235,25.5183
29,1224,1,1994,2,1.1388,29.297195000000002,12.7003
30,1225,1,1995,2,2.3043,29.120559999999998,10.0025
31,1226,1,1996,2,2.6583,29.43925,39.9516
32,1227,1,1997,2,5.6263,28.695328000000003,6.7532
33,1228,1,1998,2,7.234,30.397196,26.7736
34,1229,1,1999,2,4.4271,28.450466,46.4317
35,1230,1,2000,2,5.7331,28.288784000000003,6.62022
36,1231,1,2001,2,13.2424,28.865421,9.34186
37,1232,1,2002,2,14.052,28.396261,12.9127
38,1233,1,2003,2,14.191,29.985981,31.1146
39,1234,1,2004,2,17.3731,29.223364,28.0708
40,1235,1,2005,2,27.383,30.519627000000003,28.1535
41,1236,1,2006,2,26.72,29.58598,27.9413
42,1237,1,2007,2,24.54,29.616821,18.3793
43,1238,1,2008,2,34.38,28.320559999999997,15.0191
44,1239,1,2009,2,55.99,29.829906,32.9806
45,1240,1,2010,2,49.61,30.694546000000003,36.9286
46,1241,1,2011,2,52.32,29.272726000000002,41.3832
47,1242,1,2012,2,93.9,29.155453,41.471000000000004
48,1243,1,2013,2,77.3,30.2378,4.7145
49,1244,1,2014,2,83.54,29.4404,33.6465
50,1245,1,2015,2,116.2,29.9821,65.1661
51,1246,1,2016,2,158.54,30.1089,8.741480000000001
52,1269,1,1991,3,1.1694,29.932713,67.8251
53,1270,1,1992,3,1.0077,29.805607000000002,34.1668
54,1271,1,1993,3,1.1657,29.000935,60.9336
55,1272,1,1994,3,1.2527,29.994394,62.7771
56,1273,1,1995,3,2.635,29.781307,74.9596
57,1274,1,1996,3,2.8019,30.105605999999998,46.1328
58,1275,1,1997,3,6.1763,29.640186,76.0119
59,1276,1,1998,3,7.259,30.580374,21.8575
60,1277,1,1999,3,4.5076,29.999065,54.6898
61,1278,1,2000,3,7.3567,29.842990000000004,62.7771
62,1279,1,2001,3,14.6851,29.888784,29.4703
63,1280,1,2002,3,14.1575,30.000935,59.7172
64,1281,1,2003,3,14.6931,29.732712,59.8929
65,1282,1,2004,3,18.0837,29.97757,52.2946
66,1283,1,2005,3,30.678,30.21402,88.6312
67,1284,1,2006,3,24.4,29.838318,60.4841
68,1285,1,2007,3,25.95,30.139252000000003,48.8579
69,1286,1,2008,3,38.66,29.402804999999997,94.939
70,1287,1,2009,3,55.68,29.654204999999997,79.8821
71,1288,1,2010,3,50.31,30.795456,40.9427
72,1289,1,2011,3,52.62,30.258183000000002,42.5374
73,1290,1,2012,3,85.63,30.212727,28.4668
74,1291,1,2013,3,76.95,30.4833,71.0621
75,1292,1,2014,3,88.71,29.8524,86.2064
76,1293,1,2015,3,116.61,30.1337,77.9612
77,1294,1,2016,3,163.05,30.5539,98.2459
78,1317,1,1991,4,1.2758,28.731775,134.44
79,1318,1,1992,4,1.1708,29.380375,96.9357
80,1319,1,1993,4,1.2594,29.681309000000002,100.273
81,1320,1,1994,4,1.3412,29.479440000000004,89.8862
82,1321,1,1995,4,2.9638,29.622429999999998,123.85799999999999
83,1322,1,1996,4,2.801,29.314020000000003,123.902
84,1323,1,1997,4,7.8737,29.343923999999998,146.611
85,1324,1,1998,4,7.206,30.760748,114.59899999999999
86,1325,1,1999,4,4.5785,29.292521999999998,135.692
87,1326,1,2000,4,9.4507,29.552338,121.13600000000001
88,1327,1,2001,4,17.7704,29.184113,150.366
89,1328,1,2002,4,14.6083,29.415888,136.72299999999998
90,1329,1,2003,4,14.165,29.285046,131.22
91,1330,1,2004,4,19.1008,29.293457,101.566
92,1331,1,2005,4,36.62,29.931774,98.8488
93,1332,1,2006,4,25.6,30.345795000000003,69.2547
94,1333,1,2007,4,27.89,29.196262,164.23
95,1334,1,2008,4,43.76,29.757009999999998,109.75200000000001
96,1335,1,2009,4,58.21,29.290654999999997,121.469
97,1336,1,2010,4,50.1,30.175455,106.167
98,1337,1,2011,4,56.99,29.837275,73.8741
99,1338,1,2012,4,95.1,29.179997999999998,118.934
100,1339,1,2013,4,72,29.3399,124.54
101,1340,1,2014,4,94.65,29.5376,108.13
102,1341,1,2015,4,125.4,30.1087,55.3537
103,1342,1,2016,4,159.32,30.4132,89.6267
104,1365,1,1991,5,1.1935,27.571964,236.53400000000002
105,1366,1,1992,5,1.1996,28.317759000000002,156.364
106,1367,1,1993,5,1.3357,28.859814,104.572
107,1368,1,1994,5,1.5547,28.185046999999997,166.27
108,1369,1,1995,5,3.0658,28.667288,150.983
109,1370,1,1996,5,3.0213,28.804671999999997,174.726
110,1371,1,1997,5,7.7852,27.853271000000003,156.249
111,1372,1,1998,5,6.4344,29.325235,145.636
112,1373,1,1999,5,4.6082,28.519627000000003,108.84200000000001
113,1374,1,2000,5,10.7994,28.846729999999997,136.874
114,1375,1,2001,5,18.7155,28.255138,145.048
115,1376,1,2002,5,15.3736,29.309345,139.352
116,1377,1,2003,5,15.4432,28.697195,147.954
117,1378,1,2004,5,20.3933,28.10841,119.35799999999999
118,1379,1,2005,5,43.253,28.482243,163.344
119,1380,1,2006,5,27.4,28.100933,188.21599999999998
120,1381,1,2007,5,28.37,28.817759000000002,133.431
121,1382,1,2008,5,56.37,28.635513,159.322
122,1383,1,2009,5,65.55,28.948598999999998,136.024
123,1384,1,2010,5,52.37,29.044546,106.811
124,1385,1,2011,5,67.94,28.669092,113.65100000000001
125,1386,1,2012,5,110.35,27.912725,156.69299999999998
126,1387,1,2013,5,77.4,28.3599,159.59799999999998
127,1388,1,2014,5,107.09,28.6009,125.14399999999999
128,1389,1,2015,5,142.04,29.4925,103.443
129,1390,1,2016,5,164.85,29.0756,176.968
130,1413,1,1991,6,1.1509,27.342056,131.095
131,1414,1,1992,6,1.2996,26.3514,141.241
132,1415,1,1993,6,1.2807,26.906544,173.91299999999998
133,1416,1,1994,6,1.6596,26.829906,133.844
134,1417,1,1995,6,3.2972,27.427103000000002,163.175
135,1418,1,1996,6,3.6222,26.913082,198.273
136,1419,1,1997,6,7.75,26.359814,243.271
137,1420,1,1998,6,6.651,27.469158,136.137
138,1421,1,1999,6,4.3818,27.541121999999998,148.768
139,1422,1,2000,6,10.8726,26.861683000000003,170.003
140,1423,1,2001,6,18.1484,27.054205,157.41
141,1424,1,2002,6,16.2075,27.295328,188.877
142,1425,1,2003,6,17.6314,26.738317,198.445
143,1426,1,2004,6,21.6554,26.671026,105.98
144,1427,1,2005,6,45.031,27.038319,139.985
145,1428,1,2006,6,27.335,27.592523999999997,144.379
146,1429,1,2007,6,29.09,27.228037,138.233
147,1430,1,2008,6,59.98,27.001866999999997,191.209
148,1431,1,2009,6,69.64,27.464487,198.952
149,1432,1,2010,6,54.93,27.632727000000003,178.032
150,1433,1,2011,6,71.4,27.400909999999996,155.624
151,1434,1,2012,6,114.26,26.708181,172.546
152,1435,1,2013,6,78.92,27.166999999999998,115.90299999999999
153,1436,1,2014,6,107.88,27.4984,174.044
154,1437,1,2015,6,150.94,27.6998,127.096
155,1438,1,2016,6,169.6,27.2666,144.115
156,1461,1,1991,7,1.046,25.789719,209.44400000000002
157,1462,1,1992,7,1.3119,25.337383,117.906
158,1463,1,1993,7,1.2061,25.685979999999997,132.517
159,1464,1,1994,7,1.6642,25.704672,112.34
160,1465,1,1995,7,2.8629,26.238317,143.741
161,1466,1,1996,7,3.5293,26.02243,144.341
162,1467,1,1997,7,7.2994,25.759815,108.884
163,1468,1,1998,7,6.077,26.372898,94.5089
164,1469,1,1999,7,4.9287,26.045795000000002,190.796
165,1470,1,2000,7,11.7888,25.872898,128.15200000000002
166,1471,1,2001,7,18.9489,25.956076,108.241
167,1472,1,2002,7,15.1494,26.365421,201.696
168,1473,1,2003,7,17.2207,25.864487,115.06299999999999
169,1474,1,2004,7,24.7258,25.783178,165.918
170,1475,1,2005,7,41.918,25.895329,145.238
171,1476,1,2006,7,24.814,26.511215000000004,116.995
172,1477,1,2007,7,30.52,26.413082,172.90599999999998
173,1478,1,2008,7,68.85,26.067287,193.373
174,1479,1,2009,7,61.06,26.192524,210.99400000000003
175,1480,1,2010,7,52.62,26.379093,130.247
176,1481,1,2011,7,76.95,26.207272,191.979
177,1482,1,2012,7,100.26,25.947271,146.564
178,1483,1,2013,7,77.22,25.9972,115.045
179,1484,1,2014,7,122.28,26.6209,130.66
180,1485,1,2015,7,169.01,26.5791,97.5205
181,1486,1,2016,7,157.73,26.3766,148.178
182,1509,1,1991,8,0.725,25.261682999999998,185.99400000000003
183,1510,1,1992,8,0.9185,24.942989999999998,75.0326
184,1511,1,1993,8,0.9962,25.502804,139.158
185,1512,1,1994,8,1.3854,25.370092,123.712
186,1513,1,1995,8,1.8787,25.802805,190.321
187,1514,1,1996,8,3.4567,25.440186999999998,181.104
188,1515,1,1997,8,5.6811,25.485046,95.4549
189,1516,1,1998,8,5.981,25.60841,118.25
190,1517,1,1999,8,4.602,25.624298,172.893
191,1518,1,2000,8,11.7457,25.614954,137.334
192,1519,1,2001,8,18.2,25.492523000000002,125.867
193,1520,1,2002,8,12.7034,25.62056,140.82
194,1521,1,2003,8,15.4361,25.849532999999997,145.308
195,1522,1,2004,8,23.5942,25.701868,141.195
196,1523,1,2005,8,33.5445,25.481308,89.0579
197,1524,1,2006,8,21.72,25.915888,111.973
198,1525,1,2007,8,25.92,25.800933999999998,191.548
199,1526,1,2008,8,50.74,25.741123,207.706
200,1527,1,2009,8,43.15,25.828974,144.406
201,1528,1,2010,8,48.57,26.120907,181.535
202,1529,1,2011,8,77.9,25.783635999999998,124.551
203,1530,1,2012,8,88.9,25.49909,134.357
204,1531,1,2013,8,74,25.4634,98.8883
205,1532,1,2014,8,116.43,25.8925,125.32600000000001
206,1533,1,2015,8,156.05,26.0949,163.02
207,1534,1,2016,8,148.44,26.1849,142.119
208,1557,1,1991,9,0.6169,26.223364,117.20100000000001
209,1558,1,1992,9,0.76,25.662617,167.11599999999999
210,1559,1,1993,9,0.8229,25.999064999999998,178.774
211,1560,1,1994,9,1.2094,25.974766,181.956
212,1561,1,1995,9,1.5941,26.341122,143.3
213,1562,1,1996,9,3.0198,25.645794,135.738
214,1563,1,1997,9,4.8857,26.567287,144.05700000000002
215,1564,1,1998,9,4.4534,26.167288,140.256
216,1565,1,1999,9,3.7666,25.5757,194.171
217,1566,1,2000,9,8.3546,26.177570000000003,156.439
218,1567,1,2001,9,9.7845,26.053272,183.96200000000002
219,1568,1,2002,9,10.2985,26.103739,112.965
220,1569,1,2003,9,12.9746,26.326168,167.399
221,1570,1,2004,9,20.8844,26.171026,193.47799999999998
222,1571,1,2005,9,28.525,26.469158,154.467
223,1572,1,2006,9,18.1234,26.168224,189.702
224,1573,1,2007,9,24.76,26.385046000000003,211.024
225,1574,1,2008,9,41.15,26.289719,164.16400000000002
226,1575,1,2009,9,43.15,26.299066999999997,135.972
227,1576,1,2010,9,43.1,26.349090000000004,226.388
228,1577,1,2011,9,67.78,26.341818,171.92700000000002
229,1578,1,2012,9,79.43,26.038180999999998,168.81799999999998
230,1579,1,2013,9,65.94,26.4055,154.129
231,1580,1,2014,9,109.44,26.1498,201.516
232,1581,1,2015,9,139.74,26.6828,105.311
233,1582,1,2016,9,136.1,26.5365,216.71400000000003
234,1605,1,1991,10,0.6397,26.097195000000003,132.079
235,1606,1,1992,10,0.7579,26.805607000000002,83.5156
236,1607,1,1993,10,0.8586,27.327103,102.37700000000001
237,1608,1,1994,10,1.2701,26.438318,190.15599999999998
238,1609,1,1995,10,1.9095,27.003738000000002,117.98899999999999
239,1610,1,1996,10,3.5195,26.628035999999998,108.93799999999999
240,1611,1,1997,10,5.472,27.46542,145.064
241,1612,1,1998,10,3.6049,27.237384999999996,134.673
242,1613,1,1999,10,3.9433,26.329906,154.596
243,1614,1,2000,10,8.1037,27.024297999999998,92.6872
244,1615,1,2001,10,10.27,27.384113,65.917
245,1616,1,2002,10,10.254,26.771027,163.58
246,1617,1,2003,10,13.1777,27.617758000000002,149.68
247,1618,1,2004,10,20.3,27.528972999999997,140.125
248,1619,1,2005,10,28.502,27.382241999999998,144.204
249,1620,1,2006,10,16.58,27.368225,167.493
250,1621,1,2007,10,24.63,27.270091999999998,140.278
251,1622,1,2008,10,45.64,27.178503000000003,118.552
252,1623,1,2009,10,46.17,26.960749,118.936
253,1624,1,2010,10,44.39,26.943638,187.303
254,1625,1,2011,10,58.12,27.339090000000002,185.43599999999998
255,1626,1,2012,10,74.6,26.902728999999997,114.99600000000001
256,1627,1,2013,10,69.6,27.1306,125.53299999999999
257,1628,1,2014,10,109.8,27.4078,108.44
258,1629,1,2015,10,144.21,27.5572,151.49200000000002
259,1630,1,2016,10,120.68,27.8165,86.545
260,1653,1,1991,11,0.6476,27.121496,15.6202
261,1654,1,1992,11,0.9654,26.52243,42.7371
262,1655,1,1993,11,1.0081,28.007477,47.5743
263,1656,1,1994,11,1.5206,27.347662,32.1407
264,1657,1,1995,11,2.4096,27.368225,30.475
265,1658,1,1996,11,3.9019,27.111216,17.6172
266,1659,1,1997,11,6.4022,27.78598,40.1708
267,1660,1,1998,11,4.3214,28.025234,28.185
268,1661,1,1999,11,5.0167,27.538319,56.9906
269,1662,1,2000,11,11.6648,27.753271,20.6872
270,1663,1,2001,11,12.458,28.013083,27.7815
271,1664,1,2002,11,11.2837,27.270091999999998,27.1243
272,1665,1,2003,11,14.9593,27.838318,56.7256
273,1666,1,2004,11,23.7,28.033646,42.6374
274,1667,1,2005,11,30.679,28.07757,38.5646
275,1668,1,2006,11,18.0514,26.820559999999997,21.9969
276,1669,1,2007,11,30.47,27.572896999999998,60.7533
277,1670,1,2008,11,41.71,27.081308,44.3582
278,1671,1,2009,11,49.38,27.074764000000002,25.8438
279,1672,1,2010,11,45.36,27.423634999999997,52.9478
280,1673,1,2011,11,65,27.509090000000004,17.1705
281,1674,1,2012,11,68.4,27.85091,52.1322
282,1675,1,2013,11,73.74,28.0064,74.9837
283,1676,1,2014,11,112.71,27.9465,66.9832
284,1677,1,2015,11,153.83,28.0464,39.3979
285,1678,1,2016,11,124.55,28.5242,43.3372
286,1701,1,1991,12,0.6928,26.302805,5.92138
287,1702,1,1992,12,1.0306,26.570093,11.445
288,1703,1,1993,12,1.0461,26.881308,12.1858
289,1704,1,1994,12,1.55,26.170094,2.29906
290,1705,1,1995,12,2.63,27.258877000000002,19.5424
291,1706,1,1996,12,4.4947,26.81215,15.7494
292,1707,1,1997,12,7.0424,27.240184999999997,19.2402
293,1708,1,1998,12,4.8488,27.184113,15.0283
294,1709,1,1999,12,4.9159,26.793457,3.96268
295,1710,1,2000,12,10.9118,26.858877000000003,3.4771099999999997
296,1711,1,2001,12,15.069,26.861683000000003,6.21769
297,1712,1,2002,12,12.4646,26.659815000000002,2.84725
298,1713,1,2003,12,15.7704,26.91215,12.2762
299,1714,1,2004,12,26.3,27.909344,12.8162
300,1715,1,2005,12,27.873,27.718693,15.0337
301,1716,1,2006,12,21.2074,26.76916,4.28391
302,1717,1,2007,12,30.38,26.646728999999997,16.2232
303,1718,1,2008,12,48.58,27.042057,25.2491
304,1719,1,2009,12,45.33,26.785046,17.9998
305,1720,1,2010,12,49.71,26.7,16.4916
306,1721,1,2011,12,80.54,26.666363,3.35816
307,1722,1,2012,12,75.4,26.496363,54.4409
308,1723,1,2013,12,82.8,26.7947,15.8706
309,1724,1,2014,12,119.51,27.0925,5.76585
310,1725,1,2015,12,153.56,26.4993,1.57749
311,1726,1,2016,12,120.42,28.0134,20.8897
0,1749,2,1991,1,1.3694,27.671963,9.81577
1,1750,2,1992,1,1.1844,26.237384999999996,0.39923000000000003
2,1751,2,1993,1,1.569,26.123363,2.41567
3,1752,2,1994,1,1.6166,27.050466999999998,7.486510000000001
4,1753,2,1995,1,2.1248,26.719625,0.57606
5,1754,2,1996,1,3.3436,27.654204999999997,5.59157
6,1755,2,1997,1,5.8915,27.807476,10.7236
7,1756,2,1998,1,6.835,27.398132,13.8716
8,1757,2,1999,1,7.7788,27.395328999999997,20.4932
9,1758,2,2000,1,7.5292,27.757009999999998,17.0462
10,1759,2,2001,1,16.6025,26.609344,10.7102
11,1760,2,2002,1,18.7097,26.980372999999997,5.44968
12,1761,2,2003,1,20.6468,27.080374,13.626
13,1762,2,2004,1,21.3018,27.484112,23.4025
14,1763,2,2005,1,30.162,26.866353999999998,3.83863
15,1764,2,2006,1,41,25.898132,4.49571
16,1765,2,2007,1,36.96,25.846729999999997,0.0
17,1766,2,2008,1,44.9,25.227102,3.00735
18,1767,2,2009,1,66.66,26.85701,2.76618
19,1768,2,2010,1,74.47,27.979091999999998,10.0246
20,1769,2,2011,1,76.59,27.189999,8.57653
21,1770,2,2012,1,99.4,27.215453999999998,15.4017
22,1771,2,2013,1,134,27.3201,10.0686
23,1772,2,2014,1,133.1,28.1109,21.7662
24,1773,2,2015,1,171.37,26.7665,3.09064
25,1774,2,2016,1,169.74,27.761,2.7889
26,1797,2,1991,2,1.3066,29.777569,39.2072
27,1798,2,1992,2,1.396,29.483179999999997,8.0007
28,1799,2,1993,2,1.6731,28.825235,25.5183
29,1800,2,1994,2,1.6074,29.297195000000002,12.7003
30,1801,2,1995,2,2.3779,29.120559999999998,10.0025
31,1802,2,1996,2,3.4731,29.43925,39.9516
32,1803,2,1997,2,6.024,28.695328000000003,6.7532
33,1804,2,1998,2,7.7906,30.397196,26.7736
34,1805,2,1999,2,7.6362,28.450466,46.4317
35,1806,2,2000,2,7.5741,28.288784000000003,6.62022
36,1807,2,2001,2,17.6783,28.865421,9.34186
37,1808,2,2002,2,19.5125,28.396261,12.9127
38,1809,2,2003,2,21.0713,29.985981,31.1146
39,1810,2,2004,2,21.0936,29.223364,28.0708
40,1811,2,2005,2,31.213,30.519627000000003,28.1535
41,1812,2,2006,2,40.935,29.58598,27.9413
42,1813,2,2007,2,35.85,29.616821,18.3793
43,1814,2,2008,2,46.2,28.320559999999997,15.0191
44,1815,2,2009,2,68.38,29.829906,32.9806
45,1816,2,2010,2,74.7,30.694546000000003,36.9286
46,1817,2,2011,2,76.31,29.272726000000002,41.3832
47,1818,2,2012,2,99.85,29.155453,41.471000000000004
48,1819,2,2013,2,137.7,30.2378,4.7145
49,1820,2,2014,2,130.84,29.4404,33.6465
50,1821,2,2015,2,172.79,29.9821,65.1661
51,1822,2,2016,2,171.49,30.1089,8.741480000000001
52,1845,2,1991,3,1.4043,29.932713,67.8251
53,1846,2,1992,3,1.4787,29.805607000000002,34.1668
54,1847,2,1993,3,1.6413,29.000935,60.9336
55,1848,2,1994,3,1.7686,29.994394,62.7771
56,1849,2,1995,3,2.6468,29.781307,74.9596
57,1850,2,1996,3,3.5125,30.105605999999998,46.1328
58,1851,2,1997,3,6.1642,29.640186,76.0119
59,1852,2,1998,3,7.4915,30.580374,21.8575
60,1853,2,1999,3,8.4896,29.999065,54.6898
61,1854,2,2000,3,7.7793,29.842990000000004,62.7771
62,1855,2,2001,3,17.5445,29.888784,29.4703
63,1856,2,2002,3,19.9918,30.000935,59.7172
64,1857,2,2003,3,21.2123,29.732712,59.8929
65,1858,2,2004,3,22.6241,29.97757,52.2946
66,1859,2,2005,3,34.407,30.21402,88.6312
67,1860,2,2006,3,41.743,29.838318,60.4841
68,1861,2,2007,3,34.66,30.139252000000003,48.8579
69,1862,2,2008,3,51.95,29.402804999999997,94.939
70,1863,2,2009,3,69.44,29.654204999999997,79.8821
71,1864,2,2010,3,76.84,30.795456,40.9427
72,1865,2,2011,3,75.52,30.258183000000002,42.5374
73,1866,2,2012,3,95.6,30.212727,28.4668
74,1867,2,2013,3,136.4,30.4833,71.0621
75,1868,2,2014,3,129.94,29.8524,86.2064
76,1869,2,2015,3,157.49,30.1337,77.9612
77,1870,2,2016,3,179.33,30.5539,98.2459
78,1893,2,1991,4,1.4947,28.731775,134.44
79,1894,2,1992,4,1.4668,29.380375,96.9357
80,1895,2,1993,4,1.6886,29.681309000000002,100.273
81,1896,2,1994,4,1.7882,29.479440000000004,89.8862
82,1897,2,1995,4,2.8212,29.622429999999998,123.85799999999999
83,1898,2,1996,4,3.4793,29.314020000000003,123.902
84,1899,2,1997,4,6.7175,29.343923999999998,146.611
85,1900,2,1998,4,8.3917,30.760748,114.59899999999999
86,1901,2,1999,4,7.6821,29.292521999999998,135.692
87,1902,2,2000,4,8.6067,29.552338,121.13600000000001
88,1903,2,2001,4,19.3421,29.184113,150.366
89,1904,2,2002,4,20.4927,29.415888,136.72299999999998
90,1905,2,2003,4,20.7697,29.285046,131.22
91,1906,2,2004,4,22.009,29.293457,101.566
92,1907,2,2005,4,37.127,29.931774,98.8488
93,1908,2,2006,4,38.614,30.345795000000003,69.2547
94,1909,2,2007,4,36.78,29.196262,164.23
95,1910,2,2008,4,52.87,29.757009999999998,109.75200000000001
96,1911,2,2009,4,70.31,29.290654999999997,121.469
97,1912,2,2010,4,77.38,30.175455,106.167
98,1913,2,2011,4,78.27,29.837275,73.8741
99,1914,2,2012,4,107.96,29.179997999999998,118.934
100,1915,2,2013,4,138,29.3399,124.54
101,1916,2,2014,4,134.79,29.5376,108.13
102,1917,2,2015,4,165.81,30.1087,55.3537
103,1918,2,2016,4,168.9,30.4132,89.6267
104,1941,2,1991,5,1.4808,27.571964,236.53400000000002
105,1942,2,1992,5,1.5225,28.317759000000002,156.364
106,1943,2,1993,5,1.7179,28.859814,104.572
107,1944,2,1994,5,1.8346,28.185046999999997,166.27
108,1945,2,1995,5,2.816,28.667288,150.983
109,1946,2,1996,5,3.611,28.804671999999997,174.726
110,1947,2,1997,5,7.5221,27.853271000000003,156.249
111,1948,2,1998,5,9.0354,29.325235,145.636
112,1949,2,1999,5,7.0038,28.519627000000003,108.84200000000001
113,1950,2,2000,5,8.9875,28.846729999999997,136.874
114,1951,2,2001,5,21.577,28.255138,145.048
115,1952,2,2002,5,21.1319,29.309345,139.352
116,1953,2,2003,5,20.1901,28.697195,147.954
117,1954,2,2004,5,23.9693,28.10841,119.35799999999999
118,1955,2,2005,5,40.909,28.482243,163.344
119,1956,2,2006,5,41.843,28.100933,188.21599999999998
120,1957,2,2007,5,35.33,28.817759000000002,133.431
121,1958,2,2008,5,61.05,28.635513,159.322
122,1959,2,2009,5,73.85,28.948598999999998,136.024
123,1960,2,2010,5,76.62,29.044546,106.811
124,1961,2,2011,5,82.94,28.669092,113.65100000000001
125,1962,2,2012,5,113.95,27.912725,156.69299999999998
126,1963,2,2013,5,140.6,28.3599,159.59799999999998
127,1964,2,2014,5,139.99,28.6009,125.14399999999999
128,1965,2,2015,5,168.09,29.4925,103.443
129,1966,2,2016,5,171.45,29.0756,176.968
130,1989,2,1991,6,1.464,27.342056,131.095
131,1990,2,1992,6,1.5354,26.3514,141.241
132,1991,2,1993,6,1.6717,26.906544,173.91299999999998
133,1992,2,1994,6,1.85,26.829906,133.844
134,1993,2,1995,6,3.0669,27.427103000000002,163.175
135,1994,2,1996,6,4.2802,26.913082,198.273
136,1995,2,1997,6,7.2394,26.359814,243.271
137,1996,2,1998,6,9.3,27.469158,136.137
138,1997,2,1999,6,6.56,27.541121999999998,148.768
139,1998,2,2000,6,9.1654,26.861683000000003,170.003
140,1999,2,2001,6,21.9562,27.054205,157.41
141,2000,2,2002,6,20.7719,27.295328,188.877
142,2001,2,2003,6,23.5967,26.738317,198.445
143,2002,2,2004,6,22.744,26.671026,105.98
144,2003,2,2005,6,46.567,27.038319,139.985
145,2004,2,2006,6,43.54,27.592523999999997,144.379
146,2005,2,2007,6,36.25,27.228037,138.233
147,2006,2,2008,6,62.79,27.001866999999997,191.209
148,2007,2,2009,6,81.63,27.464487,198.952
149,2008,2,2010,6,81.83,27.632727000000003,178.032
150,2009,2,2011,6,81.68,27.400909999999996,155.624
151,2010,2,2012,6,111.54,26.708181,172.546
152,2011,2,2013,6,138.1,27.166999999999998,115.90299999999999
153,2012,2,2014,6,145.43,27.4984,174.044
154,2013,2,2015,6,187.88,27.6998,127.096
155,2014,2,2016,6,179.73,27.2666,144.115
156,2037,2,1991,7,1.4471,25.789719,209.44400000000002
157,2038,2,1992,7,1.4673,25.337383,117.906
158,2039,2,1993,7,1.8938,25.685979999999997,132.517
159,2040,2,1994,7,1.8293,25.704672,112.34
160,2041,2,1995,7,3.5352,26.238317,143.741
161,2042,2,1996,7,4.4508,26.02243,144.341
162,2043,2,1997,7,7.4468,25.759815,108.884
163,2044,2,1998,7,9.086,26.372898,94.5089
164,2045,2,1999,7,7.4312,26.045795000000002,190.796
165,2046,2,2000,7,9.5748,25.872898,128.15200000000002
166,2047,2,2001,7,22.35,25.956076,108.241
167,2048,2,2002,7,20.0438,26.365421,201.696
168,2049,2,2003,7,22.6589,25.864487,115.06299999999999
169,2050,2,2004,7,24.7891,25.783178,165.918
170,2051,2,2005,7,47.802,25.895329,145.238
171,2052,2,2006,7,42.865,26.511215000000004,116.995
172,2053,2,2007,7,38.08,26.413082,172.90599999999998
173,2054,2,2008,7,66,26.067287,193.373
174,2055,2,2009,7,78.2,26.192524,210.99400000000003
175,2056,2,2010,7,78.76,26.379093,130.247
176,2057,2,2011,7,88.82,26.207272,191.979
177,2058,2,2012,7,116.64,25.947271,146.564
178,2059,2,2013,7,140.1,25.9972,115.045
179,2060,2,2014,7,151.04,26.6209,130.66
180,2061,2,2015,7,193.96,26.5791,97.5205
181,2062,2,2016,7,175.44,26.3766,148.178
182,2085,2,1991,8,1.4627,25.261682999999998,185.99400000000003
183,2086,2,1992,8,1.4192,24.942989999999998,75.0326
184,2087,2,1993,8,1.7925,25.502804,139.158
185,2088,2,1994,8,1.8601,25.370092,123.712
186,2089,2,1995,8,3.3701,25.802805,190.321
187,2090,2,1996,8,4.7169,25.440186999999998,181.104
188,2091,2,1997,8,7.3971,25.485046,95.4549
189,2092,2,1998,8,9.888,25.60841,118.25
190,2093,2,1999,8,7.0407,25.624298,172.893
191,2094,2,2000,8,11.13411,25.614954,137.334
192,2095,2,2001,8,23,25.492523000000002,125.867
193,2096,2,2002,8,21.7014,25.62056,140.82
194,2097,2,2003,8,22.0157,25.849532999999997,145.308
195,2098,2,2004,8,26.3697,25.701868,141.195
196,2099,2,2005,8,48.316,25.481308,89.0579
197,2100,2,2006,8,42.578,25.915888,111.973
198,2101,2,2007,8,37.37,25.800933999999998,191.548
199,2102,2,2008,8,66.77,25.741123,207.706
200,2103,2,2009,8,78.87,25.828974,144.406
201,2104,2,2010,8,80.06,26.120907,181.535
202,2105,2,2011,8,91.8,25.783635999999998,124.551
203,2106,2,2012,8,118.7,25.49909,134.357
204,2107,2,2013,8,138.5,25.4634,98.8883
205,2108,2,2014,8,163.1,25.8925,125.32600000000001
206,2109,2,2015,8,183.49,26.0949,163.02
207,2110,2,2016,8,172.44,26.1849,142.119
208,2133,2,1991,9,1.4887,26.223364,117.20100000000001
209,2134,2,1992,9,1.5967,25.662617,167.11599999999999
210,2135,2,1993,9,1.6924,25.999064999999998,178.774
211,2136,2,1994,9,1.7713,25.974766,181.956
212,2137,2,1995,9,3.4191,26.341122,143.3
213,2138,2,1996,9,4.6624,25.645794,135.738
214,2139,2,1997,9,7.4867,26.567287,144.05700000000002
215,2140,2,1998,9,9.44,26.167288,140.256
216,2141,2,1999,9,7.2442,25.5757,194.171
217,2142,2,2000,9,11.654,26.177570000000003,156.439
218,2143,2,2001,9,23.1112,26.053272,183.96200000000002
219,2144,2,2002,9,21.4728,26.103739,112.965
220,2145,2,2003,9,22.1544,26.326168,167.399
221,2146,2,2004,9,27.5438,26.171026,193.47799999999998
222,2147,2,2005,9,46.94,26.469158,154.467
223,2148,2,2006,9,40.0973,26.168224,189.702
224,2149,2,2007,9,33.67,26.385046000000003,211.024
225,2150,2,2008,9,67.49,26.289719,164.16400000000002
226,2151,2,2009,9,74.75,26.299066999999997,135.972
227,2152,2,2010,9,75.31,26.349090000000004,226.388
228,2153,2,2011,9,87.14,26.341818,171.92700000000002
229,2154,2,2012,9,122.73,26.038180999999998,168.81799999999998
230,2155,2,2013,9,123.2,26.4055,154.129
231,2156,2,2014,9,173.03,26.1498,201.516
232,2157,2,2015,9,183.5,26.6828,105.311
233,2158,2,2016,9,171.44,26.5365,216.71400000000003
234,2181,2,1991,10,1.5009,26.097195000000003,132.079
235,2182,2,1992,10,1.4826,26.805607000000002,83.5156
236,2183,2,1993,10,1.8119,27.327103,102.37700000000001
237,2184,2,1994,10,1.8737,26.438318,190.15599999999998
238,2185,2,1995,10,3.3935,27.003738000000002,117.98899999999999
239,2186,2,1996,10,5.0594,26.628035999999998,108.93799999999999
240,2187,2,1997,10,7.693,27.46542,145.064
241,2188,2,1998,10,9.5,27.237384999999996,134.673
242,2189,2,1999,10,7.159,26.329906,154.596
243,2190,2,2000,10,11.717,27.024297999999998,92.6872
244,2191,2,2001,10,23.3,27.384113,65.917
245,2192,2,2002,10,22.4589,26.771027,163.58
246,2193,2,2003,10,21.7,27.617758000000002,149.68
247,2194,2,2004,10,28.5,27.528972999999997,140.125
248,2195,2,2005,10,47.95,27.382241999999998,144.204
249,2196,2,2006,10,37.37,27.368225,167.493
250,2197,2,2007,10,40.58,27.270091999999998,140.278
251,2198,2,2008,10,68.31,27.178503000000003,118.552
252,2199,2,2009,10,77.44,26.960749,118.936
253,2200,2,2010,10,76.75,26.943638,187.303
254,2201,2,2011,10,83.17,27.339090000000002,185.43599999999998
255,2202,2,2012,10,133.87,26.902728999999997,114.99600000000001
256,2203,2,2013,10,127.2,27.1306,125.53299999999999
257,2204,2,2014,10,170.66,27.4078,108.44
258,2205,2,2015,10,181.37,27.5572,151.49200000000002
259,2206,2,2016,10,188.49,27.8165,86.545
260,2229,2,1991,11,1.4413,27.121496,15.6202
261,2230,2,1992,11,1.5093,26.52243,42.7371
262,2231,2,1993,11,1.8126,28.007477,47.5743
263,2232,2,1994,11,2.1587,27.347662,32.1407
264,2233,2,1995,11,3.5035,27.368225,30.475
265,2234,2,1996,11,5.3694,27.111216,17.6172
266,2235,2,1997,11,6.3083,27.78598,40.1708
267,2236,2,1998,11,9.12,28.025234,28.185
268,2237,2,1999,11,5.0167,27.538319,56.9906
269,2238,2,2000,11,15.4117,27.753271,20.6872
270,2239,2,2001,11,24.561,28.013083,27.7815
271,2240,2,2002,11,23.0412,27.270091999999998,27.1243
272,2241,2,2003,11,19.9012,27.838318,56.7256
273,2242,2,2004,11,29.4,28.033646,42.6374
274,2243,2,2005,11,49.333,28.07757,38.5646
275,2244,2,2006,11,35.363,26.820559999999997,21.9969
276,2245,2,2007,11,41.52,27.572896999999998,60.7533
277,2246,2,2008,11,71.14,27.081308,44.3582
278,2247,2,2009,11,75.31,27.074764000000002,25.8438
279,2248,2,2010,11,71.1,27.423634999999997,52.9478
280,2249,2,2011,11,85.47,27.509090000000004,17.1705
281,2250,2,2012,11,142.9,27.85091,52.1322
282,2251,2,2013,11,124.3,28.0064,74.9837
283,2252,2,2014,11,164.8,27.9465,66.9832
284,2253,2,2015,11,191.15,28.0464,39.3979
285,2254,2,2016,11,198.78,28.5242,43.3372
286,2277,2,1991,12,1.3746,26.302805,5.92138
287,2278,2,1992,12,1.4996,26.570093,11.445
288,2279,2,1993,12,1.7053,26.881308,12.1858
289,2280,2,1994,12,2.0701,26.170094,2.29906
290,2281,2,1995,12,3.5575,27.258877000000002,19.5424
291,2282,2,1996,12,5.3457,26.81215,15.7494
292,2283,2,1997,12,8.0115,27.240184999999997,19.2402
293,2284,2,1998,12,8.75,27.184113,15.0283
294,2285,2,1999,12,7.6843,26.793457,3.96268
295,2286,2,2000,12,16.2327,26.858877000000003,3.4771099999999997
296,2287,2,2001,12,25.5,26.861683000000003,6.21769
297,2288,2,2002,12,21.7561,26.659815000000002,2.84725
298,2289,2,2003,12,19.6338,26.91215,12.2762
299,2290,2,2004,12,30.6,27.909344,12.8162
300,2291,2,2005,12,40.744,27.718693,15.0337
301,2292,2,2006,12,39.6927,26.76916,4.28391
302,2293,2,2007,12,44.42,26.646728999999997,16.2232
303,2294,2,2008,12,67.96,27.042057,25.2491
304,2295,2,2009,12,75.63,26.785046,17.9998
305,2296,2,2010,12,73.97,26.7,16.4916
306,2297,2,2011,12,90.66,26.666363,3.35816
307,2298,2,2012,12,139,26.496363,54.4409
308,2299,2,2013,12,148.33,26.7947,15.8706
309,2300,2,2014,12,175.94,27.0925,5.76585
310,2301,2,2015,12,191.56,26.4993,1.57749
311,2302,2,2016,12,193.21,28.0134,20.8897
0,2325,4,1991,1,1.2187,27.671963,9.81577
1,2326,4,1992,1,1.115,26.237384999999996,0.39923000000000003
2,2327,4,1993,1,1.617,26.123363,2.41567
3,2328,4,1994,1,1.5157,27.050466999999998,7.486510000000001
4,2329,4,1995,1,2.102,26.719625,0.57606
5,2330,4,1996,1,3.4779,27.654204999999997,5.59157
6,2331,4,1997,1,5.1689,27.807476,10.7236
7,2332,4,1998,1,6.5325,27.398132,13.8716
8,2333,4,1999,1,7.1591,27.395328999999997,20.4932
9,2334,4,2000,1,6.4562,27.757009999999998,17.0462
10,2335,4,2001,1,16,26.609344,10.7102
11,2336,4,2002,1,20.3783,26.980372999999997,5.44968
12,2337,4,2003,1,19.8869,27.080374,13.626
13,2338,4,2004,1,32.4276,27.484112,23.4025
14,2339,4,2005,1,30.402,26.866353999999998,3.83863
15,2340,4,2006,1,39.56,25.898132,4.49571
16,2341,4,2007,1,34.63,25.846729999999997,0.0
17,2342,4,2008,1,39.32,25.227102,3.00735
18,2343,4,2009,1,66,26.85701,2.76618
19,2344,4,2010,1,71.45,27.979091999999998,10.0246
20,2345,4,2011,1,74.47,27.189999,8.57653
21,2346,4,2012,1,101.54,27.215453999999998,15.4017
22,2347,4,2013,1,120.8,27.3201,10.0686
23,2348,4,2014,1,122.79,28.1109,21.7662
24,2349,4,2015,1,169.53,26.7665,3.09064
25,2350,4,2016,1,152.2,27.761,2.7889
26,2373,4,1991,2,1.2471,29.777569,39.2072
27,2374,4,1992,2,1.2927,29.483179999999997,8.0007
28,2375,4,1993,2,1.6522,28.825235,25.5183
29,2376,4,1994,2,1.6078,29.297195000000002,12.7003
30,2377,4,1995,2,2.4675,29.120559999999998,10.0025
31,2378,4,1996,2,3.4173,29.43925,39.9516
32,2379,4,1997,2,5.326,28.695328000000003,6.7532
33,2380,4,1998,2,6.8897,30.397196,26.7736
34,2381,4,1999,2,7.0171,28.450466,46.4317
35,2382,4,2000,2,7.5741,28.288784000000003,6.62022
36,2383,4,2001,2,17.1116,28.865421,9.34186
37,2384,4,2002,2,18.9832,28.396261,12.9127
38,2385,4,2003,2,20.456,29.985981,31.1146
39,2386,4,2004,2,21.5521,29.223364,28.0708
40,2387,4,2005,2,31.373,30.519627000000003,28.1535
41,2388,4,2006,2,37.329,29.58598,27.9413
42,2389,4,2007,2,34.86,29.616821,18.3793
43,2390,4,2008,2,42.48,28.320559999999997,15.0191
44,2391,4,2009,2,68.22,29.829906,32.9806
45,2392,4,2010,2,70.33,30.694546000000003,36.9286
46,2393,4,2011,2,73.91,29.272726000000002,41.3832
47,2394,4,2012,2,106.12,29.155453,41.471000000000004
48,2395,4,2013,2,124.6,30.2378,4.7145
49,2396,4,2014,2,128.95,29.4404,33.6465
50,2397,4,2015,2,211.31,29.9821,65.1661
51,2398,4,2016,2,157.74,30.1089,8.741480000000001
52,2421,4,1991,3,1.3049,29.932713,67.8251
53,2422,4,1992,3,1.3929,29.805607000000002,34.1668
54,2423,4,1993,3,1.7279,29.000935,60.9336
55,2424,4,1994,3,1.7135,29.994394,62.7771
56,2425,4,1995,3,2.7127,29.781307,74.9596
57,2426,4,1996,3,3.3646,30.105605999999998,46.1328
58,2427,4,1997,3,5.9907,29.640186,76.0119
59,2428,4,1998,3,7.3675,30.580374,21.8575
60,2429,4,1999,3,6.5718,29.999065,54.6898
61,2430,4,2000,3,7.0759,29.842990000000004,62.7771
62,2431,4,2001,3,17.4535,29.888784,29.4703
63,2432,4,2002,3,19.9131,30.000935,59.7172
64,2433,4,2003,3,19.826,29.732712,59.8929
65,2434,4,2004,3,21.9477,29.97757,52.2946
66,2435,4,2005,3,32.923,30.21402,88.6312
67,2436,4,2006,3,36.39,29.838318,60.4841
68,2437,4,2007,3,31.18,30.139252000000003,48.8579
69,2438,4,2008,3,48.65,29.402804999999997,94.939
70,2439,4,2009,3,66.36,29.654204999999997,79.8821
71,2440,4,2010,3,75.33,30.795456,40.9427
72,2441,4,2011,3,80.76,30.258183000000002,42.5374
73,2442,4,2012,3,100.41,30.212727,28.4668
74,2443,4,2013,3,127.6,30.4833,71.0621
75,2444,4,2014,3,125.27,29.8524,86.2064
76,2445,4,2015,3,160.45,30.1337,77.9612
77,2446,4,2016,3,163.14,30.5539,98.2459
78,2469,4,1991,4,1.447,28.731775,134.44
79,2470,4,1992,4,1.2812,29.380375,96.9357
80,2471,4,1993,4,1.7447,29.681309000000002,100.273
81,2472,4,1994,4,1.7638,29.479440000000004,89.8862
82,2473,4,1995,4,2.9277,29.622429999999998,123.85799999999999
83,2474,4,1996,4,3.5497,29.314020000000003,123.902
84,2475,4,1997,4,6.2758,29.343923999999998,146.611
85,2476,4,1998,4,6.54,30.760748,114.59899999999999
86,2477,4,1999,4,6.8186,29.292521999999998,135.692
87,2478,4,2000,4,8.5562,29.552338,121.13600000000001
88,2479,4,2001,4,18.0916,29.184113,150.366
89,2480,4,2002,4,21.4273,29.415888,136.72299999999998
90,2481,4,2003,4,20.5632,29.285046,131.22
91,2482,4,2004,4,22.5554,29.293457,101.566
92,2483,4,2005,4,36.9995,29.931774,98.8488
93,2484,4,2006,4,37.542,30.345795000000003,69.2547
94,2485,4,2007,4,35.43,29.196262,164.23
95,2486,4,2008,4,49.81,29.757009999999998,109.75200000000001
96,2487,4,2009,4,68.18,29.290654999999997,121.469
97,2488,4,2010,4,73.41,30.175455,106.167
98,2489,4,2011,4,81.45,29.837275,73.8741
99,2490,4,2012,4,100.79,29.179997999999998,118.934
100,2491,4,2013,4,125.9,29.3399,124.54
101,2492,4,2014,4,125.27,29.5376,108.13
102,2493,4,2015,4,160.07,30.1087,55.3537
103,2494,4,2016,4,161.38,30.4132,89.6267
104,2517,4,1991,5,1.3919,27.571964,236.53400000000002
105,2518,4,1992,5,1.3821,28.317759000000002,156.364
106,2519,4,1993,5,1.727,28.859814,104.572
107,2520,4,1994,5,1.8007,28.185046999999997,166.27
108,2521,4,1995,5,2.9223,28.667288,150.983
109,2522,4,1996,5,3.7639,28.804671999999997,174.726
110,2523,4,1997,5,6.8965,27.853271000000003,156.249
111,2524,4,1998,5,7.5904,29.325235,145.636
112,2525,4,1999,5,6.8234,28.519627000000003,108.84200000000001
113,2526,4,2000,5,8.1285,28.846729999999997,136.874
114,2527,4,2001,5,19.75,28.255138,145.048
115,2528,4,2002,5,21.831,29.309345,139.352
116,2529,4,2003,5,20.4796,28.697195,147.954
117,2530,4,2004,5,22.6591,28.10841,119.35799999999999
118,2531,4,2005,5,40.901,28.482243,163.344
119,2532,4,2006,5,38.44,28.100933,188.21599999999998
120,2533,4,2007,5,34.22,28.817759000000002,133.431
121,2534,4,2008,5,56.43,28.635513,159.322
122,2535,4,2009,5,68.89,28.948598999999998,136.024
123,2536,4,2010,5,75.6,29.044546,106.811
124,2537,4,2011,5,81.37,28.669092,113.65100000000001
125,2538,4,2012,5,104.1,27.912725,156.69299999999998
126,2539,4,2013,5,130.43,28.3599,159.59799999999998
127,2540,4,2014,5,147.25,28.6009,125.14399999999999
128,2541,4,2015,5,"158,83",29.4925,103.443
129,2542,4,2016,5,166.77,29.0756,176.968
130,2565,4,1991,6,1.3827,27.342056,131.095
131,2566,4,1992,6,1.5249,26.3514,141.241
132,2567,4,1993,6,1.6648,26.906544,173.91299999999998
133,2568,4,1994,6,1.7876,26.829906,133.844
134,2569,4,1995,6,3.0313,27.427103000000002,163.175
135,2570,4,1996,6,4.3201,26.913082,198.273
136,2571,4,1997,6,6.8141,26.359814,243.271
137,2572,4,1998,6,8,27.469158,136.137
138,2573,4,1999,6,6.097,27.541121999999998,148.768
139,2574,4,2000,6,8.1156,26.861683000000003,170.003
140,2575,4,2001,6,20.6,27.054205,157.41
141,2576,4,2002,6,20.6406,27.295328,188.877
142,2577,4,2003,6,21.561,26.738317,198.445
143,2578,4,2004,6,21.908,26.671026,105.98
144,2579,4,2005,6,44.243,27.038319,139.985
145,2580,4,2006,6,38.88,27.592523999999997,144.379
146,2581,4,2007,6,34.74,27.228037,138.233
147,2582,4,2008,6,61.6,27.001866999999997,191.209
148,2583,4,2009,6,75.05,27.464487,198.952
149,2584,4,2010,6,76.92,27.632727000000003,178.032
150,2585,4,2011,6,83.55,27.400909999999996,155.624
151,2586,4,2012,6,111.25,26.708181,172.546
152,2587,4,2013,6,128.5,27.166999999999998,115.90299999999999
153,2588,4,2014,6,139.72,27.4984,174.044
154,2589,4,2015,6,167.44,27.6998,127.096
155,2590,4,2016,6,167.19,27.2666,144.115
156,2613,4,1991,7,1.4159,25.789719,209.44400000000002
157,2614,4,1992,7,1.5705,25.337383,117.906
158,2615,4,1993,7,1.8234,25.685979999999997,132.517
159,2616,4,1994,7,1.7784,25.704672,112.34
160,2617,4,1995,7,3.3093,26.238317,143.741
161,2618,4,1996,7,4.4825,26.02243,144.341
162,2619,4,1997,7,6.6775,25.759815,108.884
163,2620,4,1998,7,9.5585,26.372898,94.5089
164,2621,4,1999,7,7.1291,26.045795000000002,190.796
165,2622,4,2000,7,0.925,25.872898,128.15200000000002
166,2623,4,2001,7,20.667,25.956076,108.241
167,2624,4,2002,7,21.6693,26.365421,201.696
168,2625,4,2003,7,20.7307,25.864487,115.06299999999999
169,2626,4,2004,7,24.9224,25.783178,165.918
170,2627,4,2005,7,46.62,25.895329,145.238
171,2628,4,2006,7,28.8137,26.511215000000004,116.995
172,2629,4,2007,7,34.97,26.413082,172.90599999999998
173,2630,4,2008,7,66.26,26.067287,193.373
174,2631,4,2009,7,73.85,26.192524,210.99400000000003
175,2632,4,2010,7,77.71,26.379093,130.247
176,2633,4,2011,7,86.96,26.207272,191.979
177,2634,4,2012,7,108,25.947271,146.564
178,2635,4,2013,7,130.74,25.9972,115.045
179,2636,4,2014,7,148.97,26.6209,130.66
180,2637,4,2015,7,188.77,26.5791,97.5205
181,2638,4,2016,7,158.22,26.3766,148.178
182,2661,4,1991,8,1.4254,25.261682999999998,185.99400000000003
183,2662,4,1992,8,1.5247,24.942989999999998,75.0326
184,2663,4,1993,8,1.7782,25.502804,139.158
185,2664,4,1994,8,1.8104,25.370092,123.712
186,2665,4,1995,8,3.2607,25.802805,190.321
187,2666,4,1996,8,4.872,25.440186999999998,181.104
188,2667,4,1997,8,6.8677,25.485046,95.4549
189,2668,4,1998,8,9.0685,25.60841,118.25
190,2669,4,1999,8,7.156,25.624298,172.893
191,2670,4,2000,8,10.125,25.614954,137.334
192,2671,4,2001,8,2.15,25.492523000000002,125.867
193,2672,4,2002,8,21.2168,25.62056,140.82
194,2673,4,2003,8,21.3798,25.849532999999997,145.308
195,2674,4,2004,8,26.1406,25.701868,141.195
196,2675,4,2005,8,64.449,25.481308,89.0579
197,2676,4,2006,8,35.69,25.915888,111.973
198,2677,4,2007,8,34.81,25.800933999999998,191.548
199,2678,4,2008,8,67.03,25.741123,207.706
200,2679,4,2009,8,73.74,25.828974,144.406
201,2680,4,2010,8,77.6,26.120907,181.535
202,2681,4,2011,8,91.38,25.783635999999998,124.551
203,2682,4,2012,8,108.9,25.49909,134.357
204,2683,4,2013,8,125.3,25.4634,98.8883
205,2684,4,2014,8,162.13,25.8925,125.32600000000001
206,2685,4,2015,8,181.66,26.0949,163.02
207,2686,4,2016,8,151.32,26.1849,142.119
208,2709,4,1991,9,1.3435,26.223364,117.20100000000001
209,2710,4,1992,9,1.5506,25.662617,167.11599999999999
210,2711,4,1993,9,1.7022,25.999064999999998,178.774
211,2712,4,1994,9,1.8016,25.974766,181.956
212,2713,4,1995,9,3.1086,26.341122,143.3
213,2714,4,1996,9,4.7555,25.645794,135.738
214,2715,4,1997,9,7.005,26.567287,144.05700000000002
215,2716,4,1998,9,8.65,26.167288,140.256
216,2717,4,1999,9,7.0169,25.5757,194.171
217,2718,4,2000,9,10.18751,26.177570000000003,156.439
218,2719,4,2001,9,23.5,26.053272,183.96200000000002
219,2720,4,2002,9,21.1274,26.103739,112.965
220,2721,4,2003,9,20.9079,26.326168,167.399
221,2722,4,2004,9,27.9281,26.171026,193.47799999999998
222,2723,4,2005,9,43.64,26.469158,154.467
223,2724,4,2006,9,35.65,26.168224,189.702
224,2725,4,2007,9,32.17,26.385046000000003,211.024
225,2726,4,2008,9,69.51,26.289719,164.16400000000002
226,2727,4,2009,9,77.6,26.299066999999997,135.972
227,2728,4,2010,9,73.11,26.349090000000004,226.388
228,2729,4,2011,9,85.69,26.341818,171.92700000000002
229,2730,4,2012,9,109.76,26.038180999999998,168.81799999999998
230,2731,4,2013,9,110.24,26.4055,154.129
231,2732,4,2014,9,172.7,26.1498,201.516
232,2733,4,2015,9,182.82,26.6828,105.311
233,2734,4,2016,9,159.86,26.5365,216.71400000000003
234,2757,4,1991,10,1.4328,26.097195000000003,132.079
235,2758,4,1992,10,1.6323,26.805607000000002,83.5156
236,2759,4,1993,10,1.7076,27.327103,102.37700000000001
237,2760,4,1994,10,1.8442,26.438318,190.15599999999998
238,2761,4,1995,10,3.2371,27.003738000000002,117.98899999999999
239,2762,4,1996,10,5.3078,26.628035999999998,108.93799999999999
240,2763,4,1997,10,7.4253,27.46542,145.064
241,2764,4,1998,10,8.5,27.237384999999996,134.673
242,2765,4,1999,10,6.2167,26.329906,154.596
243,2766,4,2000,10,11.0833,27.024297999999998,92.6872
244,2767,4,2001,10,19.875,27.384113,65.917
245,2768,4,2002,10,21.8701,26.771027,163.58
246,2769,4,2003,10,20.5629,27.617758000000002,149.68
247,2770,4,2004,10,28.5,27.528972999999997,140.125
248,2771,4,2005,10,45.582,27.382241999999998,144.204
249,2772,4,2006,10,35.2447,27.368225,167.493
250,2773,4,2007,10,39.12,27.270091999999998,140.278
251,2774,4,2008,10,70.33,27.178503000000003,118.552
252,2775,4,2009,10,79.63,26.960749,118.936
253,2776,4,2010,10,68.96,26.943638,187.303
254,2777,4,2011,10,84.86,27.339090000000002,185.43599999999998
255,2778,4,2012,10,114.34,26.902728999999997,114.99600000000001
256,2779,4,2013,10,115,27.1306,125.53299999999999
257,2780,4,2014,10,164.37,27.4078,108.44
258,2781,4,2015,10,175.08,27.5572,151.49200000000002
259,2782,4,2016,10,174.65,27.8165,86.545
260,2805,4,1991,11,1.3023,27.121496,15.6202
261,2806,4,1992,11,1.6327,26.52243,42.7371
262,2807,4,1993,11,1.623,28.007477,47.5743
263,2808,4,1994,11,2.0389,27.347662,32.1407
264,2809,4,1995,11,3.3424,27.368225,30.475
265,2810,4,1996,11,5.6585,27.111216,17.6172
266,2811,4,1997,11,7.7223,27.78598,40.1708
267,2812,4,1998,11,8.68,28.025234,28.185
268,2813,4,1999,11,6.0632,27.538319,56.9906
269,2814,4,2000,11,14,27.753271,20.6872
270,2815,4,2001,11,26.25,28.013083,27.7815
271,2816,4,2002,11,22.0545,27.270091999999998,27.1243
272,2817,4,2003,11,19.6956,27.838318,56.7256
273,2818,4,2004,11,29.3,28.033646,42.6374
274,2819,4,2005,11,46.348,28.07757,38.5646
275,2820,4,2006,11,34.264,26.820559999999997,21.9969
276,2821,4,2007,11,41.16,27.572896999999998,60.7533
277,2822,4,2008,11,70.44,27.081308,44.3582
278,2823,4,2009,11,71.62,27.074764000000002,25.8438
279,2824,4,2010,11,70.16,27.423634999999997,52.9478
280,2825,4,2011,11,86.43,27.509090000000004,17.1705
281,2826,4,2012,11,114.45,27.85091,52.1322
282,2827,4,2013,11,122.6,28.0064,74.9837
283,2828,4,2014,11,165.61,27.9465,66.9832
284,2829,4,2015,11,180.91,28.0464,39.3979
285,2830,4,2016,11,180.3,28.5242,43.3372
286,2853,4,1991,12,1.1732,26.302805,5.92138
287,2854,4,1992,12,1.5526,26.570093,11.445
288,2855,4,1993,12,3.1566,26.881308,12.1858
289,2856,4,1994,12,2.0385,26.170094,2.29906
290,2857,4,1995,12,3.2867,27.258877000000002,19.5424
291,2858,4,1996,12,5.4817,26.81215,15.7494
292,2859,4,1997,12,8.4173,27.240184999999997,19.2402
293,2860,4,1998,12,9.12,27.184113,15.0283
294,2861,4,1999,12,6.1946,26.793457,3.96268
295,2862,4,2000,12,17,26.858877000000003,3.4771099999999997
296,2863,4,2001,12,26,26.861683000000003,6.21769
297,2864,4,2002,12,20.7815,26.659815000000002,2.84725
298,2865,4,2003,12,19.2275,26.91215,12.2762
299,2866,4,2004,12,31.6,27.909344,12.8162
300,2867,4,2005,12,40.113,27.718693,15.0337
301,2868,4,2006,12,37.1561,26.76916,4.28391
302,2869,4,2007,12,39.92,26.646728999999997,16.2232
303,2870,4,2008,12,66.54,27.042057,25.2491
304,2871,4,2009,12,70.68,26.785046,17.9998
305,2872,4,2010,12,71.54,26.7,16.4916
306,2873,4,2011,12,87.21,26.666363,3.35816
307,2874,4,2012,12,122.3,26.496363,54.4409
308,2875,4,2013,12,136.5,26.7947,15.8706
309,2876,4,2014,12,166.19,27.0925,5.76585
310,2877,4,2015,12,178.71,26.4993,1.57749
311,2878,4,2016,12,174.06,28.0134,20.8897
0,2901,5,1991,1,3.0079,27.671963,9.81577
1,2902,5,1992,1,2.3458,26.237384999999996,0.39923000000000003
2,2903,5,1993,1,3.1387,26.123363,2.41567
3,2904,5,1994,1,3.9947,27.050466999999998,7.486510000000001
4,2905,5,1995,1,6.2848,26.719625,0.57606
5,2906,5,1996,1,8.5925,27.654204999999997,5.59157
6,2907,5,1997,1,10.4233,27.807476,10.7236
7,2908,5,1998,1,13.5954,27.398132,13.8716
8,2909,5,1999,1,17.1662,27.395328999999997,20.4932
9,2910,5,2000,1,14.9471,27.757009999999998,17.0462
10,2911,5,2001,1,25.3173,26.609344,10.7102
11,2912,5,2002,1,35.9778,26.980372999999997,5.44968
12,2913,5,2003,1,44.1266,27.080374,13.626
13,2914,5,2004,1,49.3146,27.484112,23.4025
14,2915,5,2005,1,52.561,26.866353999999998,3.83863
15,2916,5,2006,1,60.863,25.898132,4.49571
16,2917,5,2007,1,63.03,25.846729999999997,0.0
17,2918,5,2008,1,84.27,25.227102,3.00735
18,2919,5,2009,1,108.8,26.85701,2.76618
19,2920,5,2010,1,130.19,27.979091999999998,10.0246
20,2921,5,2011,1,154.22,27.189999,8.57653
21,2922,5,2012,1,185.25,27.215453999999998,15.4017
22,2923,5,2013,1,245.7,27.3201,10.0686
23,2924,5,2014,1,231.59,28.1109,21.7662
24,2925,5,2015,1,256.87,26.7665,3.09064
25,2926,5,2016,1,375.13,27.761,2.7889
26,2949,5,1991,2,3.1432,29.777569,39.2072
27,2950,5,1992,2,2.4107,29.483179999999997,8.0007
28,2951,5,1993,2,3.5129,28.825235,25.5183
29,2952,5,1994,2,4.6182,29.297195000000002,12.7003
30,2953,5,1995,2,6.7097,29.120559999999998,10.0025
31,2954,5,1996,2,9.1551,29.43925,39.9516
32,2955,5,1997,2,11.3571,28.695328000000003,6.7532
33,2956,5,1998,2,18.1212,30.397196,26.7736
34,2957,5,1999,2,19.0487,28.450466,46.4317
35,2958,5,2000,2,15.3279,28.288784000000003,6.62022
36,2959,5,2001,2,27.8776,28.865421,9.34186
37,2960,5,2002,2,40.1551,28.396261,12.9127
38,2961,5,2003,2,47.1985,29.985981,31.1146
39,2962,5,2004,2,47.7016,29.223364,28.0708
40,2963,5,2005,2,54.16,30.519627000000003,28.1535
41,2964,5,2006,2,65.55,29.58598,27.9413
42,2965,5,2007,2,66.91,29.616821,18.3793
43,2966,5,2008,2,90.72,28.320559999999997,15.0191
44,2967,5,2009,2,115.5,29.829906,32.9806
45,2968,5,2010,2,139.96,30.694546000000003,36.9286
46,2969,5,2011,2,150.1,29.272726000000002,41.3832
47,2970,5,2012,2,195.75,29.155453,41.471000000000004
48,2971,5,2013,2,251.8,30.2378,4.7145
49,2972,5,2014,2,240.31,29.4404,33.6465
50,2973,5,2015,2,259.37,29.9821,65.1661
51,2974,5,2016,2,382.98,30.1089,8.741480000000001
52,2997,5,1991,3,3.1835,29.932713,67.8251
53,2998,5,1992,3,2.5869,29.805607000000002,34.1668
54,2999,5,1993,3,3.8287,29.000935,60.9336
55,3000,5,1994,3,5.1978,29.994394,62.7771
56,3001,5,1995,3,7.122,29.781307,74.9596
57,3002,5,1996,3,9.2049,30.105605999999998,46.1328
58,3003,5,1997,3,12.7028,29.640186,76.0119
59,3004,5,1998,3,15.8804,30.580374,21.8575
60,3005,5,1999,3,19.0244,29.999065,54.6898
61,3006,5,2000,3,17.1739,29.842990000000004,62.7771
62,3007,5,2001,3,28.4196,29.888784,29.4703
63,3008,5,2002,3,39.8746,30.000935,59.7172
64,3009,5,2003,3,49.3975,29.732712,59.8929
65,3010,5,2004,3,47.6452,29.97757,52.2946
66,3011,5,2005,3,61.618,30.21402,88.6312
67,3012,5,2006,3,64.8,29.838318,60.4841
68,3013,5,2007,3,71.75,30.139252000000003,48.8579
69,3014,5,2008,3,96.81,29.402804999999997,94.939
70,3015,5,2009,3,109.32,29.654204999999997,79.8821
71,3016,5,2010,3,142.42,30.795456,40.9427
72,3017,5,2011,3,160.43,30.258183000000002,42.5374
73,3018,5,2012,3,203.77,30.212727,28.4668
74,3019,5,2013,3,250,30.4833,71.0621
75,3020,5,2014,3,252.87,29.8524,86.2064
76,3021,5,2015,3,277.06,30.1337,77.9612
77,3022,5,2016,3,423.63,30.5539,98.2459
78,3045,5,1991,4,3.4923,28.731775,134.44
79,3046,5,1992,4,3.1808,29.380375,96.9357
80,3047,5,1993,4,4.5055,29.681309000000002,100.273
81,3048,5,1994,4,5.9057,29.479440000000004,89.8862
82,3049,5,1995,4,8.8462,29.622429999999998,123.85799999999999
83,3050,5,1996,4,10.0461,29.314020000000003,123.902
84,3051,5,1997,4,15.3994,29.343923999999998,146.611
85,3052,5,1998,4,16.8611,30.760748,114.59899999999999
86,3053,5,1999,4,20.6363,29.292521999999998,135.692
87,3054,5,2000,4,20.353,29.552338,121.13600000000001
88,3055,5,2001,4,32.7745,29.184113,150.366
89,3056,5,2002,4,44.1892,29.415888,136.72299999999998
90,3057,5,2003,4,49.3084,29.285046,131.22
91,3058,5,2004,4,56.3877,29.293457,101.566
92,3059,5,2005,4,73.5255,29.931774,98.8488
93,3060,5,2006,4,72.847,30.345795000000003,69.2547
94,3061,5,2007,4,83.09,29.196262,164.23
95,3062,5,2008,4,113.13,29.757009999999998,109.75200000000001
96,3063,5,2009,4,123.93,29.290654999999997,121.469
97,3064,5,2010,4,153.88,30.175455,106.167
98,3065,5,2011,4,173.61,29.837275,73.8741
99,3066,5,2012,4,208.18,29.179997999999998,118.934
100,3067,5,2013,4,270.32,29.3399,124.54
101,3068,5,2014,4,263.83,29.5376,108.13
102,3069,5,2015,4,287.39,30.1087,55.3537
103,3070,5,2016,4,473.1,30.4132,89.6267
104,3093,5,1991,5,3.7553,27.571964,236.53400000000002
105,3094,5,1992,5,3.5234,28.317759000000002,156.364
106,3095,5,1993,5,5.0629,28.859814,104.572
107,3096,5,1994,5,6.203,28.185046999999997,166.27
108,3097,5,1995,5,10.8973,28.667288,150.983
109,3098,5,1996,5,11.7041,28.804671999999997,174.726
110,3099,5,1997,5,17.3003,27.853271000000003,156.249
111,3100,5,1998,5,20.8156,29.325235,145.636
112,3101,5,1999,5,21.8177,28.519627000000003,108.84200000000001
113,3102,5,2000,5,21.8481,28.846729999999997,136.874
114,3103,5,2001,5,42.4474,28.255138,145.048
115,3104,5,2002,5,49.7867,29.309345,139.352
116,3105,5,2003,5,53.0184,28.697195,147.954
117,3106,5,2004,5,62.4502,28.10841,119.35799999999999
118,3107,5,2005,5,77.123,28.482243,163.344
119,3108,5,2006,5,80.745,28.100933,188.21599999999998
120,3109,5,2007,5,97.46,28.817759000000002,133.431
121,3110,5,2008,5,124.89,28.635513,159.322
122,3111,5,2009,5,130.9,28.948598999999998,136.024
123,3112,5,2010,5,167.71,29.044546,106.811
124,3113,5,2011,5,190.91,28.669092,113.65100000000001
125,3114,5,2012,5,246.16,27.912725,156.69299999999998
126,3115,5,2013,5,297.4,28.3599,159.59799999999998
127,3116,5,2014,5,295.13,28.6009,125.14399999999999
128,3117,5,2015,5,345.26,29.4925,103.443
129,3118,5,2016,5,524.89,29.0756,176.968
130,3141,5,1991,6,4.3023,27.342056,131.095
131,3142,5,1992,6,3.9924,26.3514,141.241
132,3143,5,1993,6,6.0577,26.906544,173.91299999999998
133,3144,5,1994,6,7.1049,26.829906,133.844
134,3145,5,1995,6,12.3594,27.427103000000002,163.175
135,3146,5,1996,6,13.3537,26.913082,198.273
136,3147,5,1997,6,20.114,26.359814,243.271
137,3148,5,1998,6,42,27.469158,136.137
138,3149,5,1999,6,19.9202,27.541121999999998,148.768
139,3150,5,2000,6,22.8998,26.861683000000003,170.003
140,3151,5,2001,6,49.9912,27.054205,157.41
141,3152,5,2002,6,56.6357,27.295328,188.877
142,3153,5,2003,6,64.7137,26.738317,198.445
143,3154,5,2004,6,68.987,26.671026,105.98
144,3155,5,2005,6,92.055,27.038319,139.985
145,3156,5,2006,6,88.42,27.592523999999997,144.379
146,3157,5,2007,6,113.92,27.228037,138.233
147,3158,5,2008,6,131.54,27.001866999999997,191.209
148,3159,5,2009,6,135.03,27.464487,198.952
149,3160,5,2010,6,194.79,27.632727000000003,178.032
150,3161,5,2011,6,194.23,27.400909999999996,155.624
151,3162,5,2012,6,280.46,26.708181,172.546
152,3163,5,2013,6,282.81,27.166999999999998,115.90299999999999
153,3164,5,2014,6,344.45,27.4984,174.044
154,3165,5,2015,6,378.35,27.6998,127.096
155,3166,5,2016,6,507,27.2666,144.115
156,3189,5,1991,7,3.3372,25.789719,209.44400000000002
157,3190,5,1992,7,4.2369,25.337383,117.906
158,3191,5,1993,7,5.4566,25.685979999999997,132.517
159,3192,5,1994,7,6.3907,25.704672,112.34
160,3193,5,1995,7,12.8746,26.238317,143.741
161,3194,5,1996,7,12.3145,26.02243,144.341
162,3195,5,1997,7,16.6678,25.759815,108.884
163,3196,5,1998,7,46,26.372898,94.5089
164,3197,5,1999,7,16.9851,26.045795000000002,190.796
165,3198,5,2000,7,25.2753,25.872898,128.15200000000002
166,3199,5,2001,7,50.8701,25.956076,108.241
167,3200,5,2002,7,53.0884,26.365421,201.696
168,3201,5,2003,7,56.7211,25.864487,115.06299999999999
169,3202,5,2004,7,65.2491,25.783178,165.918
170,3203,5,2005,7,90.079,25.895329,145.238
171,3204,5,2006,7,88.4145,26.511215000000004,116.995
172,3205,5,2007,7,113.78,26.413082,172.90599999999998
173,3206,5,2008,7,129.53,26.067287,193.373
174,3207,5,2009,7,121.35,26.192524,210.99400000000003
175,3208,5,2010,7,196.37,26.379093,130.247
176,3209,5,2011,7,202.1,26.207272,191.979
177,3210,5,2012,7,258.3,25.947271,146.564
178,3211,5,2013,7,265.8,25.9972,115.045
179,3212,5,2014,7,322.36,26.6209,130.66
180,3213,5,2015,7,376.93,26.5791,97.5205
181,3214,5,2016,7,507.53,26.3766,148.178
182,3237,5,1991,8,2.6982,25.261682999999998,185.99400000000003
183,3238,5,1992,8,2.8831,24.942989999999998,75.0326
184,3239,5,1993,8,3.7417,25.502804,139.158
185,3240,5,1994,8,5.863,25.370092,123.712
186,3241,5,1995,8,7.255,25.802805,190.321
187,3242,5,1996,8,8.7488,25.440186999999998,181.104
188,3243,5,1997,8,15.7226,25.485046,95.4549
189,3244,5,1998,8,38.62,25.60841,118.25
190,3245,5,1999,8,14.7612,25.624298,172.893
191,3246,5,2000,8,33.335,25.614954,137.334
192,3247,5,2001,8,63.3,25.492523000000002,125.867
193,3248,5,2002,8,41.4691,25.62056,140.82
194,3249,5,2003,8,42.2163,25.849532999999997,145.308
195,3250,5,2004,8,67.8046,25.701868,141.195
196,3251,5,2005,8,61.579,25.481308,89.0579
197,3252,5,2006,8,70.075,25.915888,111.973
198,3253,5,2007,8,80.91,25.800933999999998,191.548
199,3254,5,2008,8,94.41,25.741123,207.706
200,3255,5,2009,8,112.04,25.828974,144.406
201,3256,5,2010,8,140.13,26.120907,181.535
202,3257,5,2011,8,156.6,25.783635999999998,124.551
203,3258,5,2012,8,203.1,25.49909,134.357
204,3259,5,2013,8,216.6,25.4634,98.8883
205,3260,5,2014,8,285.3,25.8925,125.32600000000001
206,3261,5,2015,8,368.4,26.0949,163.02
207,3262,5,2016,8,422.7,26.1849,142.119
208,3285,5,1991,9,2.1079,26.223364,117.20100000000001
209,3286,5,1992,9,2.1722,25.662617,167.11599999999999
210,3287,5,1993,9,2.9652,25.999064999999998,178.774
211,3288,5,1994,9,4.623,25.974766,181.956
212,3289,5,1995,9,5.7687,26.341122,143.3
213,3290,5,1996,9,7.152,25.645794,135.738
214,3291,5,1997,9,12.5781,26.567287,144.05700000000002
215,3292,5,1998,9,21.05,26.167288,140.256
216,3293,5,1999,9,13.0303,25.5757,194.171
217,3294,5,2000,9,21.49671,26.177570000000003,156.439
218,3295,5,2001,9,33.1567,26.053272,183.96200000000002
219,3296,5,2002,9,31.9212,26.103739,112.965
220,3297,5,2003,9,37.036,26.326168,167.399
221,3298,5,2004,9,41.8697,26.171026,193.47799999999998
222,3299,5,2005,9,53.841,26.469158,154.467
223,3300,5,2006,9,60.901,26.168224,189.702
224,3301,5,2007,9,66.8,26.385046000000003,211.024
225,3302,5,2008,9,80.7,26.289719,164.16400000000002
226,3303,5,2009,9,112.4,26.299066999999997,135.972
227,3304,5,2010,9,115.82,26.349090000000004,226.388
228,3305,5,2011,9,132.91,26.341818,171.92700000000002
229,3306,5,2012,9,185.46,26.038180999999998,168.81799999999998
230,3307,5,2013,9,183.9,26.4055,154.129
231,3308,5,2014,9,239.67,26.1498,201.516
232,3309,5,2015,9,301.04,26.6828,105.311
233,3310,5,2016,9,383.06,26.5365,216.71400000000003
234,3333,5,1991,10,2.0647,26.097195000000003,132.079
235,3334,5,1992,10,2.1756,26.805607000000002,83.5156
236,3335,5,1993,10,2.9871,27.327103,102.37700000000001
237,3336,5,1994,10,4.24,26.438318,190.15599999999998
238,3337,5,1995,10,6.0113,27.003738000000002,117.98899999999999
239,3338,5,1996,10,7.1711,26.628035999999998,108.93799999999999
240,3339,5,1997,10,12.5781,27.46542,145.064
241,3340,5,1998,10,17,27.237384999999996,134.673
242,3341,5,1999,10,10.4263,26.329906,154.596
243,3342,5,2000,10,19.8,27.024297999999998,92.6872
244,3343,5,2001,10,24.9375,27.384113,65.917
245,3344,5,2002,10,34.1612,26.771027,163.58
246,3345,5,2003,10,34.2243,27.617758000000002,149.68
247,3346,5,2004,10,43.3,27.528972999999997,140.125
248,3347,5,2005,10,58.083,27.382241999999998,144.204
249,3348,5,2006,10,52.23,27.368225,167.493
250,3349,5,2007,10,68.45,27.270091999999998,140.278
251,3350,5,2008,10,80.96,27.178503000000003,118.552
252,3351,5,2009,10,113.48,26.960749,118.936
253,3352,5,2010,10,124.65,26.943638,187.303
254,3353,5,2011,10,130.15,27.339090000000002,185.43599999999998
255,3354,5,2012,10,191.7,26.902728999999997,114.99600000000001
256,3355,5,2013,10,209.83,27.1306,125.53299999999999
257,3356,5,2014,10,230.58,27.4078,108.44
258,3357,5,2015,10,309.44,27.5572,151.49200000000002
259,3358,5,2016,10,383.06,27.8165,86.545
260,3381,5,1991,11,2.1632,27.121496,15.6202
261,3382,5,1992,11,2.4695,26.52243,42.7371
262,3383,5,1993,11,3.2805,28.007477,47.5743
263,3384,5,1994,11,4.8295,27.347662,32.1407
264,3385,5,1995,11,6.8489,27.368225,30.475
265,3386,5,1996,11,9.7803,27.111216,17.6172
266,3387,5,1997,11,15.0937,27.78598,40.1708
267,3388,5,1998,11,18,28.025234,28.185
268,3389,5,1999,11,13.166,27.538319,56.9906
269,3390,5,2000,11,22.81621,27.753271,20.6872
270,3391,5,2001,11,22.5563,28.013083,27.7815
271,3392,5,2002,11,36.4818,27.270091999999998,27.1243
272,3393,5,2003,11,35.5483,27.838318,56.7256
273,3394,5,2004,11,46.4,28.033646,42.6374
274,3395,5,2005,11,64.56,28.07757,38.5646
275,3396,5,2006,11,54.5905,26.820559999999997,21.9969
276,3397,5,2007,11,75.93,27.572896999999998,60.7533
277,3398,5,2008,11,92,27.081308,44.3582
278,3399,5,2009,11,120.64,27.074764000000002,25.8438
279,3400,5,2010,11,114.45,27.423634999999997,52.9478
280,3401,5,2011,11,136.1,27.509090000000004,17.1705
281,3402,5,2012,11,202,27.85091,52.1322
282,3403,5,2013,11,209.83,28.0064,74.9837
283,3404,5,2014,11,231.92,27.9465,66.9832
284,3405,5,2015,11,327.25,28.0464,39.3979
285,3406,5,2016,11,400.17,28.5242,43.3372
286,3429,5,1991,12,2.1074,26.302805,5.92138
287,3430,5,1992,12,2.907,26.570093,11.445
288,3431,5,1993,12,3.5805,26.881308,12.1858
289,3432,5,1994,12,5.0018,26.170094,2.29906
290,3433,5,1995,12,7.6843,27.258877000000002,19.5424
291,3434,5,1996,12,9.7611,26.81215,15.7494
292,3435,5,1997,12,10.5656,27.240184999999997,19.2402
293,3436,5,1998,12,19.5,27.184113,15.0283
294,3437,5,1999,12,13.7382,26.793457,3.96268
295,3438,5,2000,12,23.068,26.858877000000003,3.4771099999999997
296,3439,5,2001,12,27.3513,26.861683000000003,6.21769
297,3440,5,2002,12,40.2639,26.659815000000002,2.84725
298,3441,5,2003,12,42.7757,26.91215,12.2762
299,3442,5,2004,12,52.1,27.909344,12.8162
300,3443,5,2005,12,59.8314,27.718693,15.0337
301,3444,5,2006,12,62.5733,26.76916,4.28391
302,3445,5,2007,12,81.56,26.646728999999997,16.2232
303,3446,5,2008,12,96.19,27.042057,25.2491
304,3447,5,2009,12,137.84,26.785046,17.9998
305,3448,5,2010,12,132.85,26.7,16.4916
306,3449,5,2011,12,159.44,26.666363,3.35816
307,3450,5,2012,12,218.9,26.496363,54.4409
308,3451,5,2013,12,249.3,26.7947,15.8706
309,3452,5,2014,12,268,27.0925,5.76585
310,3453,5,2015,12,345.17,26.4993,1.57749
311,3454,5,2016,12,424.69,28.0134,20.8897
